"repository","url","name","owner","description","language","license_spdx_id","license_name","license_osi_approved","stars","issues","created_at","updated_at","first_commit_at","last_commit_at","activity_months","ai_ml_match_topics","has_pre_gdpr_activity","has_post_gdpr_activity"
"Kong/kong","https://github.com/Kong/kong","kong","Kong","🦍 The API and AI Gateway","Lua","Apache-2.0","Apache License 2.0","true",44076,4616,"11/17/14 23:56","9/3/26 1:32","11/17/14 23:56","8/4/26 9:27",140.51,"artificial-intelligence","true","true"
"explosion/spaCy","https://github.com/explosion/spaCy","spaCy","explosion","💫 Industrial-strength Natural Language Processing (NLP) in Python","Python","MIT","MIT License","true",33869,5771,"7/3/14 15:15","9/3/26 2:10","7/3/14 15:15","8/24/26 8:26",145.66,"artificial-intelligence; deep-learning; machine-learning","true","true"
"The-Art-of-Hacking/h4cker","https://github.com/The-Art-of-Hacking/h4cker","h4cker","The-Art-of-Hacking","This repository is maintained by Omar Santos (@santosomar) and includes thousands of resources related to ethical hacking, bug bounties, digital forensics and incident response (DFIR), AI security, vulnerability research, exploit development, reverse engineering, and more. 🔥 Also check: https://hackertraining.org","Jupyter Notebook","MIT","MIT License","true",29247,204,"6/19/17 17:11","9/3/26 2:31","6/19/17 17:11","9/3/26 2:30",110.45,"artificial-intelligence","true","true"
"onnx/onnx","https://github.com/onnx/onnx","onnx","onnx","Open standard for machine learning interoperability","Python","Apache-2.0","Apache License 2.0","true",21403,3179,"9/7/17 4:53","9/3/26 1:33","9/7/17 4:47","9/2/26 23:57",107.82,"artificial-intelligence; deep-learning; machine-learning","true","true"
"carla-simulator/carla","https://github.com/carla-simulator/carla","carla","carla-simulator","Open-source simulator for autonomous driving research.","C++","MIT","MIT License","true",14352,6337,"10/24/17 9:06","9/3/26 1:41","3/3/17 11:24","9/2/26 17:42",113.99,"artificial-intelligence; deep-learning","true","true"
"google-deepmind/sonnet","https://github.com/google-deepmind/sonnet","sonnet","google-deepmind","TensorFlow-based neural network library","Python","Apache-2.0","Apache License 2.0","true",9962,192,"4/3/17 11:34","9/2/26 9:57","4/6/17 16:20","7/7/26 22:30",111.01,"artificial-intelligence; deep-learning; machine-learning","true","true"
"olistic/warriorjs","https://github.com/olistic/warriorjs","warriorjs","olistic","🏰 An exciting game of programming and Artificial Intelligence","TypeScript","MIT","MIT License","true",9537,120,"4/29/15 14:25","9/1/26 13:50","4/29/15 14:25","3/20/26 23:58",130.68,"artificial-intelligence","true","true"
"OlafenwaMoses/ImageAI","https://github.com/OlafenwaMoses/ImageAI","ImageAI","OlafenwaMoses","A python library built to empower developers to build applications and systems  with self-contained Computer Vision capabilities","Python","MIT","MIT License","true",8881,745,"3/19/18 23:12","9/1/26 13:55","3/19/18 23:12","2/20/24 22:38",71.06,"artificial-intelligence; machine-learning","true","true"
"deeppavlov/DeepPavlov","https://github.com/deeppavlov/DeepPavlov","DeepPavlov","deeppavlov","An open source library for deep learning end-to-end dialog systems and chatbots.","Python","Apache-2.0","Apache License 2.0","true",6985,647,"11/17/17 14:35","9/2/26 10:32","11/17/17 14:35","11/26/24 6:34",84.26,"artificial-intelligence; deep-learning; machine-learning","true","true"
"guofei9987/scikit-opt","https://github.com/guofei9987/scikit-opt","scikit-opt","guofei9987","Genetic Algorithm, Particle Swarm Optimization, Simulated Annealing, Ant Colony Optimization Algorithm,Immune Algorithm, Artificial Fish Swarm Algorithm, Differential Evolution and TSP(Traveling salesman) ","Python","MIT","MIT License","true",6709,182,"12/5/17 10:20","9/2/26 6:44","12/6/17 6:36","3/25/26 9:12",99.57,"artificial-intelligence","true","true"
"numenta/nupic-legacy","https://github.com/numenta/nupic-legacy","nupic-legacy","numenta","Numenta Platform for Intelligent Computing is an implementation of Hierarchical Temporal Memory (HTM), a theory of intelligence based strictly on the neuroscience of the neocortex.","Python","MIT","MIT License","true",6350,1792,"4/5/13 23:14","9/1/26 12:13","4/5/13 23:14","12/3/24 17:50",139.91,"artificial-intelligence","true","true"
"Trusted-AI/adversarial-robustness-toolbox","https://github.com/Trusted-AI/adversarial-robustness-toolbox","adversarial-robustness-toolbox","Trusted-AI","Adversarial Robustness Toolbox (ART) - Python Library for Machine Learning Security - Evasion, Poisoning, Extraction, Inference - Red and Blue Teams","Python","MIT","MIT License","true",6215,913,"3/15/18 14:40","9/3/26 1:58","5/9/17 12:41","11/13/25 14:55",102.17,"artificial-intelligence; machine-learning","true","true"
"gorgonia/gorgonia","https://github.com/gorgonia/gorgonia","gorgonia","gorgonia","Gorgonia is a library that helps facilitate machine learning in Go.","Go","Apache-2.0","Apache License 2.0","true",5932,283,"9/14/16 23:19","9/2/26 7:45","9/14/16 23:19","10/13/23 9:13",84.89,"artificial-intelligence; deep-learning; machine-learning","true","true"
"google-deepmind/dm_control","https://github.com/google-deepmind/dm_control","dm_control","google-deepmind","Google DeepMind's software stack for physics-based simulation and Reinforcement Learning environments, using MuJoCo.","Python","Apache-2.0","Apache License 2.0","true",4681,442,"12/29/17 18:13","9/1/26 14:07","1/2/18 19:35","8/29/26 12:21",103.81,"artificial-intelligence; deep-learning; machine-learning","true","true"
"okfn-brasil/serenata-de-amor","https://github.com/okfn-brasil/serenata-de-amor","serenata-de-amor","okfn-brasil","🕵 Artificial Intelligence for social control of public administration | **This repository does not receive frequent updates. Check out the README**","Python","MIT","MIT License","true",4605,193,"6/27/16 20:55","9/1/26 11:21","6/27/16 20:55","1/31/24 20:29",91.1,"artificial-intelligence; machine-learning","true","true"
"gopherdata/gophernotes","https://github.com/gopherdata/gophernotes","gophernotes","gopherdata","The Go kernel for Jupyter notebooks and nteract.","Go","MIT","MIT License","true",3967,187,"1/22/16 19:22","8/22/26 9:25","1/23/16 1:08","11/3/23 18:01",93.33,"artificial-intelligence; machine-learning","true","true"
"polyaxon/polyaxon","https://github.com/polyaxon/polyaxon","polyaxon","polyaxon","AI Infra / AI Orchestration / AI Control Plane","MDX","Apache-2.0","Apache License 2.0","true",3727,1069,"12/26/16 12:48","9/2/26 11:00","3/25/16 22:01","8/31/26 21:21",125.16,"artificial-intelligence; deep-learning; machine-learning","true","true"
"shogun-toolbox/shogun","https://github.com/shogun-toolbox/shogun","shogun","shogun-toolbox","Shōgun","C++","BSD-3-Clause","BSD 3-Clause ""New"" or ""Revised"" License","true",3080,1527,"4/1/11 10:44","8/28/26 8:00","6/5/06 14:33","12/19/23 18:37",210.45,"artificial-intelligence; machine-learning","true","true"
"explosion/thinc","https://github.com/explosion/thinc","thinc","explosion","🔮 A refreshing functional take on deep learning, compatible with your favorite libraries","Python","MIT","MIT License","true",2890,154,"10/16/14 16:34","8/17/26 1:46","6/29/14 15:20","3/27/26 7:49",140.87,"artificial-intelligence; deep-learning; machine-learning","true","true"
"microsoft/pai","https://github.com/microsoft/pai","pai","microsoft","Resource scheduling and cluster management for AI","JavaScript","MIT","MIT License","true",2688,2086,"9/25/17 11:24","8/25/26 1:15","9/25/17 11:24","8/15/26 0:09",106.6,"artificial-intelligence; machine-learning","true","true"
"dickreuter/Poker","https://github.com/dickreuter/Poker","Poker","dickreuter","Fully functional Pokerbot that works on PartyPoker, PokerStars and GGPoker, scraping tables with Open-CV (adaptable via gui) or neural network and making decisions based on a genetic algorithm and montecarlo simulation for poker equity calculation. Binaries can be downloaded with this link:","Python","GPL-3.0","GNU General Public License v3.0","true",2459,158,"3/29/16 23:58","9/3/26 2:44","9/1/16 19:40","6/26/25 21:29",105.78,"artificial-intelligence","true","true"
"fairlearn/fairlearn","https://github.com/fairlearn/fairlearn","fairlearn","fairlearn","A Python package to assess and improve fairness of machine learning models.","Python","MIT","MIT License","true",2283,523,"5/15/18 1:51","9/2/26 5:32","5/15/18 1:51","8/24/26 6:22",99.31,"artificial-intelligence; machine-learning","true","true"
"TuringLang/Turing.jl","https://github.com/TuringLang/Turing.jl","Turing.jl","TuringLang","Bayesian inference with probabilistic programming.","Julia","MIT","MIT License","true",2254,1278,"4/29/16 10:51","9/2/26 14:26","4/29/16 10:51","9/2/26 10:29",124.08,"artificial-intelligence; machine-learning","true","true"
"jiesutd/NCRFpp","https://github.com/jiesutd/NCRFpp","NCRFpp","jiesutd","NCRF++, a Neural Sequence Labeling Toolkit. Easy use to any sequence labeling tasks (e.g. NER, POS, Segmentation). It includes character LSTM/CNN, word LSTM/CNN and softmax/CRF components. ","Python","Apache-2.0","Apache License 2.0","true",1899,172,"12/6/17 9:04","8/23/26 4:10","12/6/17 8:40","11/10/20 7:42",35.12,"artificial-intelligence","true","true"
"allenai/ai2thor","https://github.com/allenai/ai2thor","ai2thor","allenai","An open-source platform for Visual AI.","C#","Apache-2.0","Apache License 2.0","true",1790,649,"10/17/17 18:00","9/2/26 9:23","11/3/17 22:24","5/29/25 18:14",90.77,"artificial-intelligence","true","true"
"autonomio/talos","https://github.com/autonomio/talos","talos","autonomio","Hyperparameter Experiments with TensorFlow and Keras","Python","MIT","MIT License","true",1634,403,"5/4/18 20:36","9/1/26 13:46","5/4/18 20:36","4/22/24 10:30",71.58,"artificial-intelligence; deep-learning","true","true"
"sepandhaghighi/pycm","https://github.com/sepandhaghighi/pycm","pycm","sepandhaghighi","Multi-class confusion matrix library in Python","Python","MIT","MIT License","true",1506,212,"1/22/18 19:46","7/20/26 12:38","1/21/18 18:29","3/9/26 9:17",97.5,"artificial-intelligence; deep-learning; machine-learning","true","true"
"DragonComputer/Dragonfire","https://github.com/DragonComputer/Dragonfire","Dragonfire","DragonComputer","the open-source virtual assistant for Ubuntu based Linux distributions","Python","MIT","MIT License","true",1407,102,"4/19/16 23:28","8/24/26 20:40","3/7/15 11:44","12/26/20 12:26",69.68,"artificial-intelligence; machine-learning","true","true"
"HyperGAN/HyperGAN","https://github.com/HyperGAN/HyperGAN","HyperGAN","HyperGAN","Composable GAN framework with api and user interface","Python","MIT","MIT License","true",1183,111,"6/24/16 22:49","8/16/26 23:06","6/24/16 22:49","1/24/21 21:17",54.99,"artificial-intelligence; machine-learning","true","true"
"NVIDIA-AI-IOT/redtail","https://github.com/NVIDIA-AI-IOT/redtail","redtail","NVIDIA-AI-IOT","Perception and AI components for autonomous mobile robotics.","C++","BSD-3-Clause","BSD 3-Clause ""New"" or ""Revised"" License","true",1047,141,"9/7/17 16:34","8/1/26 22:35","9/7/17 16:38","11/17/20 18:29",38.34,"artificial-intelligence; deep-learning","true","true"
"esa/pagmo2","https://github.com/esa/pagmo2","pagmo2","esa","A C++ platform to perform parallel computations of optimisation tasks (global and local) via the asynchronous generalized island model.","C++","GPL-3.0","GNU General Public License v3.0","true",935,252,"1/8/17 21:53","8/28/26 20:06","7/5/15 18:05","5/23/26 12:26",130.55,"artificial-intelligence","true","true"
"jenetics/jenetics","https://github.com/jenetics/jenetics","jenetics","jenetics","Jenetics - Genetic Algorithm, Genetic Programming, Grammatical Evolution, Evolutionary Algorithm, and Multi-objective Optimization","Java","Apache-2.0","Apache License 2.0","true",908,528,"12/21/13 21:24","9/2/26 22:53","3/25/08 18:31","9/2/26 18:49",221.25,"artificial-intelligence; machine-learning","true","true"
"MycroftAI/enclosure-picroft","https://github.com/MycroftAI/enclosure-picroft","enclosure-picroft","MycroftAI","Mycroft interface for Raspberry Pi environment","Shell","LGPL-3.0","GNU Lesser General Public License v3.0","true",815,102,"1/15/17 6:28","8/21/26 3:55","1/15/17 6:28","12/7/22 4:45",70.66,"artificial-intelligence; machine-learning","true","true"
"ls1intum/Artemis","https://github.com/ls1intum/Artemis","Artemis","ls1intum","Artemis - Interactive Learning with Automated Feedback","Java","MIT","MIT License","true",801,3630,"9/29/16 11:46","9/2/26 20:31","6/9/16 11:31","9/2/26 20:30",122.77,"artificial-intelligence","true","true"
"reservoirpy/reservoirpy","https://github.com/reservoirpy/reservoirpy","reservoirpy","reservoirpy","A simple and flexible code for Reservoir Computing architectures like Echo State Networks","Python","MIT","MIT License","true",651,139,"5/17/18 8:20","8/30/26 2:33","5/17/18 8:20","6/17/26 9:58",97.01,"artificial-intelligence; machine-learning","true","true"
"roclark/sportsipy","https://github.com/roclark/sportsipy","sportsipy","roclark","A free sports API written for python","Python","MIT","MIT License","true",570,249,"5/8/18 19:15","8/30/26 23:21","5/8/18 19:15","3/20/22 20:52",46.39,"artificial-intelligence; machine-learning","true","true"
"watson-developer-cloud/unity-sdk","https://github.com/watson-developer-cloud/unity-sdk","unity-sdk","watson-developer-cloud",":video_game: Unity SDK to use the IBM Watson services.","C#","Apache-2.0","Apache License 2.0","true",565,304,"12/16/15 17:40","3/12/26 15:30","9/15/15 19:06","4/22/25 16:33",115.18,"artificial-intelligence","true","true"
"stillwater-sc/universal","https://github.com/stillwater-sc/universal","universal","stillwater-sc","Large collection of number systems providing custom arithmetic for mixed-precision algorithm development and optimization for AI, Machine Learning, Computer Vision, Signal Processing, CAE, EDA, control, optimization, estimation, and approximation.","C++","MIT","MIT License","true",500,515,"5/1/17 20:13","9/1/26 14:32","5/1/17 20:13","8/28/26 23:12",111.89,"artificial-intelligence","true","true"
"tensorflow/tensorflow","https://github.com/tensorflow/tensorflow","tensorflow","tensorflow","An Open Source Machine Learning Framework for Everyone","C++","Apache-2.0","Apache License 2.0","true",198362,41714,"11/7/15 1:19","9/3/26 2:50","11/7/15 0:27","9/3/26 2:12",129.86,"deep-learning; machine-learning","true","true"
"opencv/opencv","https://github.com/opencv/opencv","opencv","opencv","Open Source Computer Vision Library","C++","Apache-2.0","Apache License 2.0","true",90698,11659,"7/19/12 9:40","9/3/26 1:40","5/11/10 17:44","9/1/26 10:40",195.66,"deep-learning","true","true"
"keras-team/keras","https://github.com/keras-team/keras","keras","keras-team","Deep Learning for humans","Python","Apache-2.0","Apache License 2.0","true",64273,12892,"3/28/15 0:35","9/3/26 1:12","3/28/15 0:35","9/3/26 1:12",137.22,"deep-learning; machine-learning","true","true"
"deepfakes/faceswap","https://github.com/deepfakes/faceswap","faceswap","deepfakes","Deepfakes Software For All","Python","GPL-3.0","GNU General Public License v3.0","true",57518,907,"12/19/17 9:44","9/2/26 7:47","12/15/17 11:47","8/5/26 11:39",103.61,"deep-learning; machine-learning","true","true"
"ray-project/ray","https://github.com/ray-project/ray","ray","ray-project","Ray is an AI compute engine. Ray consists of a core distributed runtime and a set of AI Libraries for accelerating ML workloads.","Python","Apache-2.0","Apache License 2.0","true",43688,22998,"10/25/16 19:38","9/3/26 1:46","2/7/16 22:18","9/3/26 1:46",126.81,"deep-learning; machine-learning","true","true"
"naptha/tesseract.js","https://github.com/naptha/tesseract.js","tesseract.js","naptha","Pure Javascript OCR for more than 100 Languages 📖🎉🖥","JavaScript","Apache-2.0","Apache License 2.0","true",38688,739,"6/24/15 2:49","9/3/26 2:02","6/26/15 21:54","5/17/26 1:37",130.65,"deep-learning","true","true"
"lutzroeder/netron","https://github.com/lutzroeder/netron","netron","lutzroeder","Visualizer for neural network, deep learning and machine learning models","JavaScript","MIT","MIT License","true",33431,1274,"12/26/10 12:53","9/3/26 2:10","12/26/10 12:55","9/2/26 17:31",188.21,"deep-learning; machine-learning","true","true"
"yunjey/pytorch-tutorial","https://github.com/yunjey/pytorch-tutorial","pytorch-tutorial","yunjey","PyTorch Tutorial for Deep Learning Researchers","Python","MIT","MIT License","true",32477,181,"3/10/17 7:41","9/2/26 5:55","3/10/17 7:41","7/6/20 3:36",39.85,"deep-learning","true","true"
"shap/shap","https://github.com/shap/shap","shap","shap","A game theoretic approach to explain the output of any machine learning model.","Jupyter Notebook","MIT","MIT License","true",25725,2846,"11/22/16 19:17","9/2/26 18:26","11/22/16 21:44","9/2/26 18:22",117.28,"deep-learning; machine-learning","true","true"
"ageron/handson-ml","https://github.com/ageron/handson-ml","handson-ml","ageron","⛔️ DEPRECATED – See https://github.com/ageron/handson-ml3 or handson-mlp instead.","Jupyter Notebook","Apache-2.0","Apache License 2.0","true",25600,563,"2/16/16 19:48","9/1/26 22:07","2/16/16 19:48","5/19/26 23:03",123.03,"deep-learning; machine-learning","true","true"
"PaddlePaddle/Paddle","https://github.com/PaddlePaddle/Paddle","Paddle","PaddlePaddle","PArallel Distributed Deep LEarning: Machine Learning Framework from Industrial Practice （『飞桨』核心框架，深度学习&机器学习高性能单机、分布式训练和跨平台部署）","C++","Apache-2.0","Apache License 2.0","true",24066,19344,"8/15/16 6:59","9/2/26 12:51","8/29/16 14:32","9/3/26 2:53",120.11,"deep-learning; machine-learning","true","true"
"pyg-team/pytorch_geometric","https://github.com/pyg-team/pytorch_geometric","pytorch_geometric","pyg-team","Graph Neural Network Library for PyTorch","Python","MIT","MIT License","true",24054,3751,"10/6/17 16:03","9/2/26 18:49","10/6/17 16:03","9/1/26 23:22",106.83,"deep-learning","true","true"
"tensorflow/tfjs","https://github.com/tensorflow/tfjs","tfjs","tensorflow","A WebGL accelerated JavaScript library for training and deploying ML models.","TypeScript","Apache-2.0","Apache License 2.0","true",19134,4325,"3/5/18 5:41","9/2/26 18:59","8/3/17 17:45","4/6/26 16:18",104.04,"deep-learning; machine-learning","true","true"
"wkentaro/labelme","https://github.com/wkentaro/labelme","labelme","wkentaro","Image annotation with Python. Supports polygon, rectangle, circle, line, point, and AI-assisted annotation.","Python","GPL-3.0","GNU General Public License v3.0","true",16142,977,"5/9/16 12:30","9/3/26 2:46","9/28/11 22:55","9/3/26 2:46",179.14,"deep-learning","true","true"
"cmusatyalab/openface","https://github.com/cmusatyalab/openface","openface","cmusatyalab","Face recognition with deep neural networks.","Lua","Apache-2.0","Apache License 2.0","true",15439,383,"9/16/15 12:47","9/1/26 13:46","9/18/15 20:57","7/18/26 5:51",129.93,"deep-learning","true","true"
"aleju/imgaug","https://github.com/aleju/imgaug","imgaug","aleju","Image augmentation for machine learning experiments.","Python","MIT","MIT License","true",14738,518,"7/10/15 20:31","9/3/26 2:10","7/10/15 20:31","6/1/20 14:58",58.71,"deep-learning; machine-learning","true","true"
"davisking/dlib","https://github.com/davisking/dlib","dlib","davisking","A toolkit for making real world machine learning and data analysis applications in C++","C++","BSL-1.0","Boost Software License 1.0","true",14436,2245,"1/29/14 0:45","9/2/26 10:22","5/2/08 14:15","8/11/26 3:03",219.25,"deep-learning; machine-learning","true","true"
"jindongwang/transferlearning","https://github.com/jindongwang/transferlearning","transferlearning","jindongwang","Transfer learning / domain adaptation / domain generalization / multi-task learning etc. Papers, codes, datasets, applications, tutorials.-迁移学习","Python","MIT","MIT License","true",14349,349,"4/30/17 11:32","9/3/26 2:10","7/3/17 6:49","2/9/26 16:27",103.25,"deep-learning; machine-learning","true","true"
"dmlc/dgl","https://github.com/dmlc/dgl","dgl","dmlc","Python package built to ease deep learning on graph, on top of existing DL frameworks.","Python","Apache-2.0","Apache License 2.0","true",14283,2826,"4/20/18 14:49","9/1/26 15:11","4/20/18 14:46","7/31/25 23:53",87.35,"deep-learning","true","true"
"apache/tvm","https://github.com/apache/tvm","tvm","apache","Open Machine Learning Compiler Framework","Python","Apache-2.0","Apache License 2.0","true",13711,3888,"10/12/16 22:20","9/2/26 12:54","10/12/16 22:20","9/2/26 12:49",118.63,"deep-learning; machine-learning","true","true"
"Data-Centric-AI-Community/fg-data-profiling","https://github.com/Data-Centric-AI-Community/fg-data-profiling","fg-data-profiling","Data-Centric-AI-Community","1 Line of code data quality profiling & exploratory data analysis for Pandas and Spark DataFrames. ","Python","MIT","MIT License","true",13686,859,"1/9/16 23:47","9/2/26 23:20","1/9/16 23:45","4/17/26 0:06",123.19,"deep-learning; machine-learning","true","true"
"jacobgil/pytorch-grad-cam","https://github.com/jacobgil/pytorch-grad-cam","pytorch-grad-cam","jacobgil","Advanced AI Explainability for computer vision.  Support for CNNs, Vision Transformers, Classification, Object detection, Segmentation, Image similarity and more.","Python","MIT","MIT License","true",12963,445,"5/31/17 19:55","9/2/26 8:31","5/31/17 20:04","8/13/26 7:15",110.38,"deep-learning; machine-learning","true","true"
"chenyuntc/pytorch-book","https://github.com/chenyuntc/pytorch-book","pytorch-book","chenyuntc","PyTorch tutorials and fun projects including neural talk, neural style, poem writing, anime generation (《深度学习框架PyTorch：入门与实战》)","Jupyter Notebook","MIT","MIT License","true",12846,219,"5/24/17 7:49","9/1/26 15:11","11/28/17 15:06","8/14/22 9:21",56.47,"deep-learning","true","true"
"zalandoresearch/fashion-mnist","https://github.com/zalandoresearch/fashion-mnist","fashion-mnist","zalandoresearch","A MNIST-like fashion product database. Benchmark :point_down: ","Python","MIT","MIT License","true",12809,106,"8/25/17 12:05","9/2/26 1:48","8/25/17 12:24","3/21/22 13:01",54.83,"deep-learning; machine-learning","true","true"
"milesial/Pytorch-UNet","https://github.com/milesial/Pytorch-UNet","Pytorch-UNet","milesial","PyTorch implementation of the U-Net for image semantic segmentation with high quality images","Python","GPL-3.0","GNU General Public License v3.0","true",11623,462,"8/16/17 12:17","9/3/26 1:27","8/16/17 12:17","2/11/24 0:59",77.83,"deep-learning","true","true"
"wandb/wandb","https://github.com/wandb/wandb","wandb","wandb","The AI developer platform. Use Weights & Biases to train and fine-tune models, and manage models from experimentation to production.","Python","MIT","MIT License","true",11249,3881,"3/24/17 5:46","9/2/26 23:42","2/21/17 7:25","9/2/26 23:42",114.32,"deep-learning; machine-learning","true","true"
"aws/amazon-sagemaker-examples","https://github.com/aws/amazon-sagemaker-examples","amazon-sagemaker-examples","aws","Example 📓 Jupyter notebooks that demonstrate how to build, train, and deploy machine learning models using 🧠 Amazon SageMaker. ","Jupyter Notebook","Apache-2.0","Apache License 2.0","true",10983,1457,"10/23/17 5:55","9/2/26 7:33","10/25/17 18:13","7/24/26 17:28",104.89,"deep-learning; machine-learning","true","true"
"mozilla/TTS","https://github.com/mozilla/TTS","TTS","mozilla",":robot: :speech_balloon: Deep learning for Text to Speech  (Discussion forum: https://discourse.mozilla.org/c/tts)","Jupyter Notebook","MPL-2.0","Mozilla Public License 2.0","true",10171,570,"1/23/18 14:22","9/1/26 15:13","1/22/18 9:48","2/12/21 10:36",36.7,"deep-learning","true","true"
"OpenMined/PySyft","https://github.com/OpenMined/PySyft","PySyft","OpenMined","Perform data science on data that remains in someone else's server","Python","Apache-2.0","Apache License 2.0","true",10024,3414,"7/18/17 20:41","9/2/26 21:49","7/18/17 20:41","9/2/26 14:37",109.46,"deep-learning","true","true"
"yzhao062/pyod","https://github.com/yzhao062/pyod","pyod","yzhao062","A Python library for anomaly detection across tabular, time series, graph, text, image, and audio data. 60+ detectors, benchmark-backed ADEngine orchestration, and an agentic workflow for AI agents.","Python","BSD-2-Clause","BSD 2-Clause ""Simplified"" License","true",9978,370,"10/3/17 20:29","9/2/26 6:47","10/3/17 20:29","8/19/26 3:11",106.47,"deep-learning; machine-learning","true","true"
"espnet/espnet","https://github.com/espnet/espnet","espnet","espnet","End-to-End Speech Processing Toolkit","Python","Apache-2.0","Apache License 2.0","true",9949,2492,"12/13/17 0:45","9/3/26 0:57","12/13/17 0:50","9/3/26 0:56",104.66,"deep-learning","true","true"
"onnx/models","https://github.com/onnx/models","models","onnx","A collection of pre-trained, state-of-the-art models in the ONNX format ","Jupyter Notebook","Apache-2.0","Apache License 2.0","true",9785,403,"10/6/17 0:03","9/2/26 10:54","10/5/17 23:53","8/1/26 4:35",105.81,"deep-learning","true","true"
"jadore801120/attention-is-all-you-need-pytorch","https://github.com/jadore801120/attention-is-all-you-need-pytorch","attention-is-all-you-need-pytorch","jadore801120","A PyTorch implementation of the Transformer model in ""Attention is All You Need"".","Python","MIT","MIT License","true",9782,181,"6/14/17 10:15","9/2/26 18:58","6/14/17 10:15","2/17/21 13:30",44.15,"deep-learning","true","true"
"Oneflow-Inc/oneflow","https://github.com/Oneflow-Inc/oneflow","oneflow","Oneflow-Inc","OneFlow is a deep learning framework designed to be user-friendly, scalable and efficient.","C++","Apache-2.0","Apache License 2.0","true",9431,1063,"2/11/17 6:09","9/2/26 5:14","2/13/17 6:35","8/20/25 10:29",102.17,"deep-learning; machine-learning","true","true"
"keras-team/autokeras","https://github.com/keras-team/autokeras","autokeras","keras-team","AutoML library for deep learning","Python","Apache-2.0","Apache License 2.0","true",9328,918,"11/19/17 23:18","9/2/26 2:53","11/19/17 23:18","11/25/25 2:26",96.16,"deep-learning; machine-learning","true","true"
"Hvass-Labs/TensorFlow-Tutorials","https://github.com/Hvass-Labs/TensorFlow-Tutorials","TensorFlow-Tutorials","Hvass-Labs","TensorFlow Tutorials with YouTube Videos","Jupyter Notebook","MIT","MIT License","true",9267,110,"6/26/16 14:43","9/1/26 13:52","6/26/16 14:43","4/12/20 13:17",45.5,"deep-learning; machine-learning","true","true"
"eriklindernoren/Keras-GAN","https://github.com/eriklindernoren/Keras-GAN","Keras-GAN","eriklindernoren","Keras implementations of Generative Adversarial Networks.","Python","MIT","MIT License","true",9203,228,"7/11/17 16:24","9/1/26 13:53","7/11/17 16:24","1/6/21 16:32",41.89,"deep-learning","true","true"
"pyro-ppl/pyro","https://github.com/pyro-ppl/pyro","pyro","pyro-ppl","Deep universal probabilistic programming with Python and PyTorch","Python","Apache-2.0","Apache License 2.0","true",9044,1100,"6/16/17 5:03","9/1/26 13:54","6/16/17 5:03","9/1/26 5:22",110.51,"deep-learning; machine-learning","true","true"
"dusty-nv/jetson-inference","https://github.com/dusty-nv/jetson-inference","jetson-inference","dusty-nv","Hello AI World guide to deploying deep-learning inference networks and deep vision primitives with TensorRT and NVIDIA Jetson.","C++","MIT","MIT License","true",8982,1863,"7/30/16 19:56","9/3/26 2:34","7/30/16 19:56","10/16/25 17:34",110.51,"deep-learning; machine-learning","true","true"
"MITDeepLearning/introtodeeplearning","https://github.com/MITDeepLearning/introtodeeplearning","introtodeeplearning","MITDeepLearning","Lab Materials for MIT 6.S191: Introduction to Deep Learning","Jupyter Notebook","MIT","MIT License","true",8770,120,"1/28/18 18:26","9/3/26 0:04","1/28/18 23:18","1/4/26 21:14",95.17,"deep-learning","true","true"
"shenweichen/DeepCTR","https://github.com/shenweichen/DeepCTR","DeepCTR","shenweichen","Easy-to-use,Modular and Extendible package of deep-learning based CTR models .","Python","Apache-2.0","Apache License 2.0","true",8049,375,"10/7/17 7:40","8/30/26 3:41","10/7/17 7:39","4/26/26 9:50",102.6,"deep-learning","true","true"
"1adrianb/face-alignment","https://github.com/1adrianb/face-alignment","face-alignment","1adrianb",":fire: 2D and 3D Face alignment library build using pytorch ","Python","BSD-3-Clause","BSD 3-Clause ""New"" or ""Revised"" License","true",7535,323,"9/15/17 20:32","9/2/26 18:32","9/15/17 20:32","4/6/26 22:19",102.66,"deep-learning","true","true"
"HIPS/autograd","https://github.com/HIPS/autograd","autograd","HIPS","Efficiently computes derivatives of NumPy code.","Python","MIT","MIT License","true",7525,423,"11/24/14 15:50","9/2/26 1:59","11/24/14 15:47","9/2/26 0:04",141.23,"deep-learning; machine-learning","true","true"
"h2oai/h2o-3","https://github.com/h2oai/h2o-3","h2o-3","h2oai","H2O is an Open Source, Distributed, Fast & Scalable Machine Learning Platform: Deep Learning, Gradient Boosting (GBM) & XGBoost, Random Forest, Generalized Linear Modeling (GLM with Elastic Net), K-Means, PCA, Generalized Additive Models (GAM), RuleFit, Support Vector Machine (SVM), Stacked Ensembles, Automatic Machine Learning (AutoML), etc.","Jupyter Notebook","Apache-2.0","Apache License 2.0","true",7499,9692,"3/3/14 16:08","9/2/26 23:39","3/3/14 16:08","9/2/26 0:35",149.97,"deep-learning; machine-learning","true","true"
"PaddlePaddle/Paddle-Lite","https://github.com/PaddlePaddle/Paddle-Lite","Paddle-Lite","PaddlePaddle","PaddlePaddle High Performance Deep Learning Inference Engine for Mobile and Edge (飞桨高性能深度学习端侧推理引擎）","C++","Apache-2.0","Apache License 2.0","true",7273,2569,"9/20/17 11:41","9/3/26 1:08","5/16/18 4:15","5/22/25 12:07",84.2,"deep-learning","true","true"
"OpenNMT/OpenNMT-py","https://github.com/OpenNMT/OpenNMT-py","OpenNMT-py","OpenNMT","Open Source Neural Machine Translation and (Large) Language Models in PyTorch","Python","MIT","MIT License","true",7014,1440,"2/22/17 19:01","8/31/26 8:47","8/24/16 3:38","6/27/24 17:56",94.09,"deep-learning","true","true"
"deepchem/deepchem","https://github.com/deepchem/deepchem","deepchem","deepchem","Democratizing Deep-Learning for Drug Discovery, Quantum Chemistry, Materials Science and Biology","Python","MIT","MIT License","true",6973,1831,"9/24/15 23:20","9/2/26 9:20","9/25/15 0:02","8/20/26 19:01",130.81,"deep-learning","true","true"
"PaddlePaddle/models","https://github.com/PaddlePaddle/models","models","PaddlePaddle","Officially maintained, supported by PaddlePaddle, including CV, NLP, Speech, Rec, TS, big models and so on.","Python","Apache-2.0","Apache License 2.0","true",6933,1984,"4/20/17 13:30","9/1/26 11:20","4/20/17 13:30","1/15/25 17:54",92.87,"deep-learning","true","true"
"yandexdataschool/Practical_RL","https://github.com/yandexdataschool/Practical_RL","Practical_RL","yandexdataschool","A course in reinforcement learning in the wild","Jupyter Notebook","Unlicense","The Unlicense","true",6566,188,"1/23/17 16:18","8/31/26 22:14","1/23/17 16:18","3/31/26 20:00",110.18,"deep-learning","true","true"
"tensorflow/serving","https://github.com/tensorflow/serving","serving","tensorflow","A flexible, high-performance serving system for machine learning models","C++","Apache-2.0","Apache License 2.0","true",6360,1487,"1/26/16 21:48","8/30/26 6:08","2/12/16 1:15","8/30/26 6:07",126.54,"deep-learning; machine-learning","true","true"
"tensorpack/tensorpack","https://github.com/tensorpack/tensorpack","tensorpack","tensorpack","A Neural Net Training Interface on TensorFlow, with focus on speed + flexibility","Python","Apache-2.0","Apache License 2.0","true",6285,1353,"12/25/15 23:08","8/31/26 22:53","12/25/15 23:08","8/6/23 0:30",91.33,"deep-learning; machine-learning","true","true"
"ufoym/deepo","https://github.com/ufoym/deepo","deepo","ufoym","Setup and customize deep learning environment in seconds.","Python","MIT","MIT License","true",6277,124,"10/27/17 11:41","8/30/26 5:50","10/27/17 11:41","3/25/26 15:09",100.89,"deep-learning","true","true"
"szad670401/HyperLPR","https://github.com/szad670401/HyperLPR","HyperLPR","szad670401","High Performance Chinese License Plate Recognition Framework.","C++","Apache-2.0","Apache License 2.0","true",6259,350,"9/24/17 5:44","9/1/26 10:02","9/24/17 5:44","7/27/24 15:16",82.06,"deep-learning","true","true"
"thtrieu/darkflow","https://github.com/thtrieu/darkflow","darkflow","thtrieu","Translate darknet to tensorflow. Load trained weights, retrain/fine-tune using tensorflow, export constant graph def to mobile devices","Python","GPL-3.0","GNU General Public License v3.0","true",6139,1076,"8/16/16 5:54","8/26/26 20:29","8/16/16 5:39","2/25/20 1:21",42.28,"deep-learning; machine-learning","true","true"
"chainer/chainer","https://github.com/chainer/chainer","chainer","chainer","A flexible framework of neural networks for deep learning","Python","MIT","MIT License","true",5923,2047,"6/5/15 5:50","8/29/26 21:05","4/12/15 14:23","10/17/22 2:17",90.14,"deep-learning; machine-learning","true","true"
"dmlc/gluon-cv","https://github.com/dmlc/gluon-cv","gluon-cv","dmlc","Gluon CV Toolkit","Python","Apache-2.0","Apache License 2.0","true",5915,834,"2/26/18 1:33","8/29/26 8:50","2/26/18 1:33","1/19/23 0:37",58.71,"deep-learning; machine-learning","true","true"
"DeepLabCut/DeepLabCut","https://github.com/DeepLabCut/DeepLabCut","DeepLabCut","DeepLabCut","Official implementation of DeepLabCut: Markerless pose estimation of user-defined features with deep learning for all animals incl. humans","Python","LGPL-3.0","GNU Lesser General Public License v3.0","true",5755,2176,"3/26/18 22:29","9/1/26 14:32","4/10/18 21:21","8/26/26 9:49",100.49,"deep-learning","true","true"
"microsoft/SynapseML","https://github.com/microsoft/SynapseML","SynapseML","microsoft","Simple and Distributed Machine Learning Python Library porting ML algorithms for Spark","Scala","MIT","MIT License","true",5245,768,"6/5/17 8:23","9/2/26 7:53","6/2/17 15:10","9/2/26 3:36",110.97,"deep-learning; machine-learning","true","true"
"amdegroot/ssd.pytorch","https://github.com/amdegroot/ssd.pytorch","ssd.pytorch","amdegroot","A PyTorch Implementation of Single Shot MultiBox Detector","Python","MIT","MIT License","true",5222,544,"2/8/17 1:50","8/29/26 12:18","2/8/17 1:50","3/11/19 21:43",25,"deep-learning; machine-learning","true","true"
"mdbloice/Augmentor","https://github.com/mdbloice/Augmentor","Augmentor","mdbloice","Image augmentation library in Python for machine learning.","Python","MIT","MIT License","true",5133,197,"3/1/16 18:29","9/2/26 4:20","3/1/16 18:29","3/29/23 7:02",84.86,"deep-learning; machine-learning","true","true"
"grobidOrg/grobid","https://github.com/grobidOrg/grobid","grobid","grobidOrg","A machine learning software for extracting information from scholarly documents","Java","Apache-2.0","Apache License 2.0","true",5114,997,"9/13/12 15:48","9/2/26 21:45","9/13/12 16:09","8/30/26 16:19",167.51,"deep-learning; machine-learning","true","true"
"KaiyangZhou/deep-person-reid","https://github.com/KaiyangZhou/deep-person-reid","deep-person-reid","KaiyangZhou","Torchreid: Deep learning person re-identification in PyTorch.","Python","MIT","MIT License","true",4905,555,"3/11/18 21:14","9/1/26 14:00","3/11/18 21:17","1/9/26 5:23",93.96,"deep-learning; machine-learning","true","true"
"PaddlePaddle/VisualDL","https://github.com/PaddlePaddle/VisualDL","VisualDL","PaddlePaddle","Deep Learning Visualization Toolkit（『飞桨』深度学习可视化工具 ）","HTML","Apache-2.0","Apache License 2.0","true",4883,485,"12/20/17 12:34","9/3/26 1:47","7/11/17 11:16","1/22/25 6:02",90.37,"deep-learning","true","true"
"pytorch/ignite","https://github.com/pytorch/ignite","ignite","pytorch","High-level library to help with training and evaluating neural networks in PyTorch flexibly and transparently.","Python","BSD-3-Clause","BSD 3-Clause ""New"" or ""Revised"" License","true",4780,1463,"11/23/17 17:31","9/1/26 19:58","11/24/17 10:54","9/1/26 19:32",105.22,"deep-learning; machine-learning","true","true"
"suragnair/alpha-zero-general","https://github.com/suragnair/alpha-zero-general","alpha-zero-general","suragnair","A clean implementation based on AlphaZero for any game in any framework + tutorial + Othello/Gobang/TicTacToe/Connect4 and more","Jupyter Notebook","MIT","MIT License","true",4512,186,"12/1/17 2:55","9/2/26 8:16","12/1/17 2:55","1/1/25 19:59",85.02,"deep-learning","true","true"
"tensorflow/probability","https://github.com/tensorflow/probability","probability","tensorflow","Probabilistic reasoning and statistical analysis in TensorFlow","Jupyter Notebook","Apache-2.0","Apache License 2.0","true",4431,1416,"10/23/17 23:50","9/2/26 15:13","2/14/18 1:11","8/6/26 22:18",101.68,"deep-learning; machine-learning","true","true"
"richzhang/PerceptualSimilarity","https://github.com/richzhang/PerceptualSimilarity","PerceptualSimilarity","richzhang","LPIPS metric. pip install lpips","Python","BSD-2-Clause","BSD 2-Clause ""Simplified"" License","true",4272,113,"1/11/18 1:43","8/28/26 13:11","1/11/18 1:44","12/19/23 18:37",71.22,"deep-learning","true","true"
"sksq96/pytorch-summary","https://github.com/sksq96/pytorch-summary","pytorch-summary","sksq96","Model summary in PyTorch similar to `model.summary()` in Keras","Python","MIT","MIT License","true",4052,153,"4/23/18 13:58","9/3/26 2:15","4/23/18 13:59","5/10/21 18:34",36.56,"deep-learning","true","true"
"uxlfoundation/oneDNN","https://github.com/uxlfoundation/oneDNN","oneDNN","uxlfoundation","oneAPI Deep Neural Network Library (oneDNN)","C++","Apache-2.0","Apache License 2.0","true",4043,1447,"5/9/16 23:26","9/2/26 22:35","7/2/16 1:07","9/2/26 7:19",122.01,"deep-learning","true","true"
"kenshohara/3D-ResNets-PyTorch","https://github.com/kenshohara/3D-ResNets-PyTorch","3D-ResNets-PyTorch","kenshohara","3D ResNets for Action Recognition (CVPR 2018)","Python","MIT","MIT License","true",4038,269,"9/14/17 12:14","8/19/26 2:40","9/14/17 12:14","5/11/20 8:56",31.83,"deep-learning","true","true"
"ikostrikov/pytorch-a2c-ppo-acktr-gail","https://github.com/ikostrikov/pytorch-a2c-ppo-acktr-gail","pytorch-a2c-ppo-acktr-gail","ikostrikov","PyTorch implementation of Advantage Actor Critic (A2C), Proximal Policy Optimization (PPO), Scalable trust-region method for deep reinforcement learning using Kronecker-factored approximation (ACKTR) and Generative Adversarial Imitation Learning (GAIL).","Python","MIT","MIT License","true",3904,234,"8/22/17 15:57","9/2/26 18:46","9/7/17 23:45","11/24/21 23:48",50.56,"deep-learning","true","true"
"NTMC-Community/MatchZoo","https://github.com/NTMC-Community/MatchZoo","MatchZoo","NTMC-Community","Facilitating the design, comparison and sharing of deep text matching models.","Python","Apache-2.0","Apache License 2.0","true",3850,463,"6/8/17 8:55","8/27/26 8:18","6/8/17 9:05","6/2/21 17:38",47.8,"deep-learning","true","true"
"google/deepvariant","https://github.com/google/deepvariant","deepvariant","google","DeepVariant is an analysis pipeline that uses a deep neural network to call genetic variants from next-generation DNA sequencing data.","Python","BSD-3-Clause","BSD 3-Clause ""New"" or ""Revised"" License","true",3801,1020,"11/23/17 1:56","9/2/26 21:43","12/1/17 21:30","3/19/26 4:57",99.51,"deep-learning; machine-learning","true","true"
"apache/singa","https://github.com/apache/singa","singa","apache","a distributed deep learning platform","C++","Apache-2.0","Apache License 2.0","true",3606,114,"4/2/15 7:00","8/15/26 8:53","4/19/15 6:32","7/7/26 14:09",134.59,"deep-learning","true","true"
"richzhang/colorization","https://github.com/richzhang/colorization","colorization","richzhang","Automatic colorization using deep neural networks. ""Colorful Image Colorization."" In ECCV, 2016.","Python","BSD-2-Clause","BSD 2-Clause ""Simplified"" License","true",3462,104,"3/26/16 2:33","8/28/26 22:47","3/26/16 2:38","9/10/20 21:34",53.52,"deep-learning","true","true"
"PennyLaneAI/pennylane","https://github.com/PennyLaneAI/pennylane","pennylane","PennyLaneAI","PennyLane is an open-source quantum software platform for quantum computing, quantum machine learning, and quantum chemistry. Create meaningful quantum algorithms, from inspiration to implementation.","Python","Apache-2.0","Apache License 2.0","true",3450,1659,"4/17/18 16:45","9/2/26 20:52","4/17/18 16:43","9/2/26 20:36",100.53,"deep-learning; machine-learning","true","true"
"onnx/onnx-tensorrt","https://github.com/onnx/onnx-tensorrt","onnx-tensorrt","onnx","ONNX-TensorRT: TensorRT backend for ONNX","C++","Apache-2.0","Apache License 2.0","true",3229,690,"4/30/18 18:11","9/2/26 10:00","4/30/18 18:11","8/3/26 17:22",99.08,"deep-learning","true","true"
"FudanNLP/fastNLP","https://github.com/FudanNLP/fastNLP","fastNLP","FudanNLP","fastNLP: A Modularized and Extensible NLP Framework. Currently still in incubation.","Python","Apache-2.0","Apache License 2.0","true",3140,220,"3/7/18 13:30","9/2/26 18:59","3/7/18 13:30","12/13/22 3:52",57.19,"deep-learning","true","true"
"open-mmlab/mmskeleton","https://github.com/open-mmlab/mmskeleton","mmskeleton","open-mmlab","A OpenMMLAB toolbox  for human pose estimation, skeleton-based action recognition, and action synthesis.","Python","Apache-2.0","Apache License 2.0","true",3128,452,"11/21/17 9:01","9/3/26 2:39","1/1/18 7:37","11/17/20 19:42",34.53,"deep-learning","true","true"
"stellargraph/stellargraph","https://github.com/stellargraph/stellargraph","stellargraph","stellargraph","StellarGraph - Machine Learning on Graphs","Python","Apache-2.0","Apache License 2.0","true",3059,1045,"4/13/18 7:35","9/2/26 18:07","4/13/18 7:35","10/29/21 6:15",42.51,"deep-learning; machine-learning","true","true"
"maciejkula/spotlight","https://github.com/maciejkula/spotlight","spotlight","maciejkula","Deep recommender models using PyTorch.","Python","MIT","MIT License","true",3043,111,"6/25/17 18:52","8/17/26 16:21","6/25/17 19:24","2/9/20 21:03",31.5,"deep-learning; machine-learning","true","true"
"raghakot/keras-vis","https://github.com/raghakot/keras-vis","keras-vis","raghakot","Neural network visualization toolkit for keras","Python","MIT","MIT License","true",2991,214,"11/11/16 23:27","8/18/26 1:17","11/11/16 23:27","4/20/20 1:03",41.23,"deep-learning; machine-learning","true","true"
"jeeliz/jeelizFaceFilter","https://github.com/jeeliz/jeelizFaceFilter","jeelizFaceFilter","jeeliz","🎭 Lightweight WebGL & JavaScript library for real-time multi-face detection, tracking and augmented-reality face filters. Supports rotation, mouth-opening and integrates with Three.js, Babylon.js, Canvas2D and CSS3D","JavaScript","Apache-2.0","Apache License 2.0","true",2932,236,"2/16/18 21:43","9/2/26 5:44","2/16/18 21:43","11/14/25 13:50",92.87,"deep-learning","true","true"
"Conchylicultor/DeepQA","https://github.com/Conchylicultor/DeepQA","DeepQA","Conchylicultor","My tensorflow implementation of ""A neural conversational model"", a Deep learning based chatbot","Python","Apache-2.0","Apache License 2.0","true",2910,181,"7/7/16 17:17","8/24/26 5:16","7/7/16 17:17","12/30/22 14:42",77.73,"deep-learning","true","true"
"voxelmorph/voxelmorph","https://github.com/voxelmorph/voxelmorph","voxelmorph","voxelmorph","Unsupervised Learning for Image Registration","Python","Apache-2.0","Apache License 2.0","true",2749,473,"5/14/18 16:19","9/1/26 13:37","5/14/18 16:29","8/17/26 22:35",99.11,"deep-learning; machine-learning","true","true"
"onnx/tensorflow-onnx","https://github.com/onnx/tensorflow-onnx","tensorflow-onnx","onnx","Convert TensorFlow, Keras, Tensorflow.js and Tflite models to ONNX","Jupyter Notebook","Apache-2.0","Apache License 2.0","true",2557,1093,"3/13/18 18:39","9/2/26 15:33","3/13/18 18:39","9/2/26 15:23",101.64,"deep-learning","true","true"
"leggedrobotics/darknet_ros","https://github.com/leggedrobotics/darknet_ros","darknet_ros","leggedrobotics","YOLO ROS: Real-Time Object Detection for ROS","C++","BSD-3-Clause","BSD 3-Clause ""New"" or ""Revised"" License","true",2437,341,"3/31/17 17:25","9/1/26 9:29","12/8/16 9:13","6/30/21 7:14",54.66,"deep-learning","true","true"
"microsoft/AutonomousDrivingCookbook","https://github.com/microsoft/AutonomousDrivingCookbook","AutonomousDrivingCookbook","microsoft","Scenarios, tutorials and demos for Autonomous Driving","Jupyter Notebook","MIT","MIT License","true",2436,124,"11/30/17 20:51","8/31/26 8:43","11/30/17 20:51","8/25/25 19:22",92.77,"deep-learning","true","true"
"tryolabs/luminoth","https://github.com/tryolabs/luminoth","luminoth","tryolabs","Deep Learning toolkit for Computer Vision.","Python","BSD-3-Clause","BSD 3-Clause ""New"" or ""Revised"" License","true",2403,181,"2/16/17 15:07","8/31/26 8:05","1/25/17 19:06","1/7/20 20:47",35.38,"deep-learning; machine-learning","true","true"
"asyml/texar","https://github.com/asyml/texar","texar","asyml","Toolkit for Machine Learning, Natural Language Processing, and Text Generation, in TensorFlow.  This is part of the CASL project: http://casl-project.ai/","Python","Apache-2.0","Apache License 2.0","true",2388,159,"7/22/17 19:02","8/31/26 22:53","7/22/17 19:02","7/21/26 2:23",107.92,"deep-learning; machine-learning","true","true"
"azavea/raster-vision","https://github.com/azavea/raster-vision","raster-vision","azavea","An open source library and framework for deep learning on satellite and aerial imagery.","Python","Apache-2.0","Apache License 2.0","true",2242,706,"2/2/17 14:31","8/31/26 10:07","2/2/17 14:46","6/4/26 14:55",111.99,"deep-learning; machine-learning","true","true"
"RubixML/ML","https://github.com/RubixML/ML","ML","RubixML","A high-level machine learning and deep learning library for the PHP language.","PHP","MIT","MIT License","true",2204,198,"2/14/18 7:20","9/2/26 16:01","2/14/18 7:21","9/2/26 15:49",102.56,"deep-learning; machine-learning","true","true"
"asappresearch/sru","https://github.com/asappresearch/sru","sru","asappresearch","Training RNNs as Fast as CNNs (https://arxiv.org/abs/1709.02755)","Python","MIT","MIT License","true",2105,135,"8/28/17 20:37","8/27/26 0:30","8/28/17 20:37","5/19/21 15:52",44.65,"deep-learning","true","true"
"zhanghang1989/PyTorch-Encoding","https://github.com/zhanghang1989/PyTorch-Encoding","PyTorch-Encoding","zhanghang1989","A CV toolkit for my papers.","Python","MIT","MIT License","true",2044,359,"5/12/17 18:04","8/21/26 1:16","5/12/17 18:09","12/21/24 5:04",91.29,"deep-learning","true","true"
"deepmodeling/deepmd-kit","https://github.com/deepmodeling/deepmd-kit","deepmd-kit","deepmodeling","A deep learning package for many-body potential energy representation and molecular dynamics","Python","LGPL-3.0","GNU Lesser General Public License v3.0","true",2030,1216,"12/12/17 15:23","9/2/26 20:36","12/12/17 15:22","9/2/26 15:15",104.63,"deep-learning","true","true"
"tinghuiz/SfMLearner","https://github.com/tinghuiz/SfMLearner","SfMLearner","tinghuiz","An unsupervised learning framework for depth and ego-motion estimation from monocular videos","Jupyter Notebook","MIT","MIT License","true",2016,145,"4/25/17 16:38","8/31/26 5:33","4/25/17 16:38","10/26/21 5:58",54.01,"deep-learning","true","true"
"philipperemy/keras-tcn","https://github.com/philipperemy/keras-tcn","keras-tcn","philipperemy","Keras Temporal Convolutional Network. Supports Python and R.","Python","MIT","MIT License","true",2012,182,"3/22/18 2:40","8/25/26 19:04","3/22/18 2:40","6/16/26 12:28",98.82,"deep-learning; machine-learning","true","true"
"GPflow/GPflow","https://github.com/GPflow/GPflow","GPflow","GPflow","Gaussian processes in TensorFlow","Python","Apache-2.0","Apache License 2.0","true",1916,822,"1/14/16 11:29","8/11/26 8:43","1/14/16 11:29","6/16/26 13:25",125.03,"deep-learning; machine-learning","true","true"
"jakeret/tf_unet","https://github.com/jakeret/tf_unet","tf_unet","jakeret","Generic U-Net Tensorflow implementation for image segmentation","Python","GPL-3.0","GNU General Public License v3.0","true",1907,268,"8/12/16 8:02","8/12/26 6:34","8/12/16 8:04","5/5/20 9:29",44.74,"deep-learning","true","true"
"experiencor/keras-yolo2","https://github.com/experiencor/keras-yolo2","keras-yolo2","experiencor","Easy training on custom dataset. Various backends (MobileNet and SqueezeNet) supported. A YOLO demo to detect raccoon run entirely in brower is accessible at https://git.io/vF7vI (not on Windows).","Jupyter Notebook","MIT","MIT License","true",1733,437,"3/22/17 15:08","8/20/26 13:50","3/22/17 15:20","12/31/19 7:52",33.28,"deep-learning","true","true"
"Franck-Dernoncourt/NeuroNER","https://github.com/Franck-Dernoncourt/NeuroNER","NeuroNER","Franck-Dernoncourt","Named-entity recognition using neural networks. Easy-to-use and state-of-the-art results.","Python","MIT","MIT License","true",1723,154,"3/7/17 1:24","8/17/26 0:24","3/7/17 1:24","10/2/19 23:26",30.85,"deep-learning; machine-learning","true","true"
"scverse/scvi-tools","https://github.com/scverse/scvi-tools","scvi-tools","scverse","Deep probabilistic analysis of single-cell and spatial omics data","Python","BSD-3-Clause","BSD 3-Clause ""New"" or ""Revised"" License","true",1684,1188,"9/6/17 5:39","9/2/26 16:02","9/6/17 5:39","9/2/26 15:50",107.85,"deep-learning","true","true"
"amir-abdi/keras_to_tensorflow","https://github.com/amir-abdi/keras_to_tensorflow","keras_to_tensorflow","amir-abdi","General code to convert a trained keras model into an inference tensorflow model","Python","MIT","MIT License","true",1646,113,"5/10/17 4:43","8/14/26 13:30","5/10/17 4:43","11/23/20 20:22",42.48,"deep-learning; machine-learning","true","true"
"wy1iu/sphereface","https://github.com/wy1iu/sphereface","sphereface","wy1iu","Implementation for <SphereFace: Deep Hypersphere Embedding for Face Recognition> in CVPR'17.","Jupyter Notebook","MIT","MIT License","true",1606,138,"7/19/17 16:46","8/24/26 19:47","7/19/17 16:46","4/10/22 9:39",56.67,"deep-learning","true","true"
"maxpumperla/elephas","https://github.com/maxpumperla/elephas","elephas","maxpumperla","Distributed Deep learning with Keras & Spark","Python","MIT","MIT License","true",1577,161,"8/13/15 12:09","8/15/26 2:14","8/13/15 12:09","8/31/22 1:52",84.56,"deep-learning","true","true"
"yu4u/age-gender-estimation","https://github.com/yu4u/age-gender-estimation","age-gender-estimation","yu4u","Keras implementation of a CNN network for age and gender estimation","Jupyter Notebook","MIT","MIT License","true",1520,129,"4/9/17 16:53","8/10/26 15:40","4/9/17 16:53","8/21/20 13:00",40.37,"deep-learning","true","true"
"geomstats/geomstats","https://github.com/geomstats/geomstats","geomstats","geomstats","Computations and statistics on manifolds with geometric structures.","Python","MIT","MIT License","true",1516,547,"10/25/17 0:44","8/28/26 9:04","10/25/17 0:47","8/21/26 18:26",105.85,"deep-learning; machine-learning","true","true"
"daavoo/pyntcloud","https://github.com/daavoo/pyntcloud","pyntcloud","daavoo","pyntcloud is a Python library for working with 3D point clouds.","Python","MIT","MIT License","true",1500,183,"10/3/16 16:16","8/14/26 10:11","10/3/16 16:14","3/15/25 11:51",101.31,"deep-learning","true","true"
"OpenNMT/OpenNMT-tf","https://github.com/OpenNMT/OpenNMT-tf","OpenNMT-tf","OpenNMT","Neural machine translation and sequence learning using TensorFlow","Python","MIT","MIT License","true",1483,423,"11/2/17 10:53","8/14/26 10:27","7/5/17 14:15","8/4/23 7:47",72.93,"deep-learning","true","true"
"Hironsan/anago","https://github.com/Hironsan/anago","anago","Hironsan","Bidirectional LSTM-CRF and ELMo for Named-Entity Recognition, Part-of-Speech Tagging and so on.","Python","MIT","MIT License","true",1482,108,"6/26/17 21:28","8/9/26 20:58","6/26/17 9:52","4/1/21 12:34",45.17,"deep-learning; machine-learning","true","true"
"jrzaurin/pytorch-widedeep","https://github.com/jrzaurin/pytorch-widedeep","pytorch-widedeep","jrzaurin","A flexible package for multimodal-deep-learning to combine tabular data with text and images using Wide and Deep models in Pytorch","Python","Apache-2.0","Apache License 2.0","true",1416,171,"10/21/17 8:11","8/20/26 20:58","10/21/17 8:11","4/30/26 14:04",102.27,"deep-learning","true","true"
"mratsim/Arraymancer","https://github.com/mratsim/Arraymancer","Arraymancer","mratsim","A fast, ergonomic and portable tensor library in Nim with a deep learning focus for CPU, GPU and embedded devices via OpenMP, Cuda and OpenCL backends","Nim","Apache-2.0","Apache License 2.0","true",1407,357,"4/13/17 17:10","7/17/26 8:33","4/13/17 17:07","5/26/26 20:28",109.4,"deep-learning; machine-learning","true","true"
"doonny/PipeCNN","https://github.com/doonny/PipeCNN","PipeCNN","doonny","An OpenCL-based FPGA Accelerator for Convolutional Neural Networks","C","Apache-2.0","Apache License 2.0","true",1387,178,"11/7/16 12:41","8/28/26 10:51","11/7/16 12:41","2/14/22 23:59",63.24,"deep-learning","true","true"
"CSTR-Edinburgh/merlin","https://github.com/CSTR-Edinburgh/merlin","merlin","CSTR-Edinburgh","This is now the official location of the Merlin project.","Python","Apache-2.0","Apache License 2.0","true",1321,439,"8/10/16 16:47","8/7/26 5:44","8/10/16 16:47","6/27/19 10:25",34.49,"deep-learning","true","true"
"tf-encrypted/tf-encrypted","https://github.com/tf-encrypted/tf-encrypted","tf-encrypted","tf-encrypted","A Framework for Encrypted Machine Learning in TensorFlow","Python","Apache-2.0","Apache License 2.0","true",1242,442,"3/21/18 18:22","8/29/26 13:09","3/21/18 18:23","9/25/24 5:32",78.15,"deep-learning; machine-learning","true","true"
"huoyijie/AdvancedEAST","https://github.com/huoyijie/AdvancedEAST","AdvancedEAST","huoyijie"," AdvancedEAST is an algorithm used for Scene image text detect, which is primarily based on EAST, and the significant improvement was also made, which make long text predictions more accurate.https://github.com/huoyijie/raspberrypi-car","Python","MIT","MIT License","true",1227,122,"5/14/18 1:37","7/13/26 20:15","5/14/18 1:37","3/6/21 8:53",33.74,"deep-learning; machine-learning","true","true"
"awslabs/sockeye","https://github.com/awslabs/sockeye","sockeye","awslabs","Sequence-to-sequence framework with a focus on Neural Machine Translation based on PyTorch","Python","Apache-2.0","Apache License 2.0","true",1216,311,"6/8/17 7:44","8/31/26 8:48","6/8/17 7:44","10/24/24 8:17",88.53,"deep-learning; machine-learning","true","true"
"chainer/chainerrl","https://github.com/chainer/chainerrl","chainerrl","chainer","ChainerRL is a deep reinforcement learning library built on top of Chainer.","Python","MIT","MIT License","true",1199,198,"1/30/17 4:58","8/31/26 22:51","2/22/16 9:40","4/17/21 6:02",61.76,"deep-learning; machine-learning","true","true"
"harvitronix/five-video-classification-methods","https://github.com/harvitronix/five-video-classification-methods","five-video-classification-methods","harvitronix","Code that accompanies my blog post outlining five video classification methods in Keras and TensorFlow","Python","MIT","MIT License","true",1182,122,"3/15/17 6:17","8/14/26 6:34","3/15/17 5:57","5/13/19 22:26",25.92,"deep-learning; machine-learning","true","true"
"eldar/pose-tensorflow","https://github.com/eldar/pose-tensorflow","pose-tensorflow","eldar"," Human Pose estimation with TensorFlow framework ","C++","LGPL-3.0","GNU Lesser General Public License v3.0","true",1141,109,"3/9/17 19:52","7/21/26 12:01","3/9/17 19:51","3/19/19 13:07",24.28,"deep-learning","true","true"
"Dobiasd/frugally-deep","https://github.com/Dobiasd/frugally-deep","frugally-deep","Dobiasd","A lightweight header-only library for using Keras (TensorFlow) models in C++.","C++","MIT","MIT License","true",1129,331,"7/15/16 19:36","9/1/26 1:59","6/29/16 21:07","5/6/26 15:10",118.17,"deep-learning; machine-learning","true","true"
"microsoft/Windows-Machine-Learning","https://github.com/microsoft/Windows-Machine-Learning","Windows-Machine-Learning","microsoft","Samples and Tools for Windows ML.","C++","MIT","MIT License","true",1123,136,"3/1/18 20:07","8/26/26 7:58","3/1/18 20:07","8/7/25 17:04",89.19,"deep-learning; machine-learning","true","true"
"deepmedic/deepmedic","https://github.com/deepmedic/deepmedic","deepmedic","deepmedic","Efficient Multi-Scale 3D Convolutional Neural Network for Segmentation of 3D Medical Scans","Python","BSD-3-Clause","BSD 3-Clause ""New"" or ""Revised"" License","true",1063,202,"4/26/16 18:23","7/30/26 18:48","4/26/16 18:23","8/4/24 12:14",99.24,"deep-learning; machine-learning","true","true"
"havakv/pycox","https://github.com/havakv/pycox","pycox","havakv","Survival analysis with PyTorch","Python","BSD-2-Clause","BSD 2-Clause ""Simplified"" License","true",993,144,"2/12/18 3:54","9/1/26 14:24","2/12/18 3:51","9/4/24 14:49",78.71,"deep-learning; machine-learning","true","true"
"dnouri/nolearn","https://github.com/dnouri/nolearn","nolearn","dnouri","Combines the ease of use of scikit-learn with the power of Theano/Lasagne","Python","MIT","MIT License","true",952,206,"11/22/12 21:41","8/4/26 19:09","11/22/12 21:41","11/5/19 8:35",83.38,"deep-learning; machine-learning","true","true"
"StanfordVL/GibsonEnv","https://github.com/StanfordVL/GibsonEnv","GibsonEnv","StanfordVL","Gibson Environments: Real-World Perception for Embodied Agents","C","MIT","MIT License","true",947,118,"12/18/17 20:12","8/31/26 22:51","7/18/17 21:19","5/12/21 18:03",45.76,"deep-learning","true","true"
"eaplatanios/tensorflow_scala","https://github.com/eaplatanios/tensorflow_scala","tensorflow_scala","eaplatanios","TensorFlow API for the Scala Programming Language","Scala","Apache-2.0","Apache License 2.0","true",938,146,"4/1/17 18:00","8/18/26 4:36","4/1/17 18:00","6/22/22 21:50",62.68,"deep-learning; machine-learning","true","true"
"tensorflow/compression","https://github.com/tensorflow/compression","compression","tensorflow","Data compression in TensorFlow","Python","Apache-2.0","Apache License 2.0","true",923,102,"5/15/18 23:32","8/22/26 15:37","5/16/18 0:10","4/16/26 23:05",95.01,"deep-learning; machine-learning","true","true"
"kendryte/nncase","https://github.com/kendryte/nncase","nncase","kendryte","Open deep learning compiler stack for Kendryte AI accelerators ✨","C#","Apache-2.0","Apache License 2.0","true",898,407,"4/4/18 12:11","9/2/26 9:01","4/4/18 12:43","3/2/26 1:24",94.88,"deep-learning","true","true"
"YerevaNN/mimic3-benchmarks","https://github.com/YerevaNN/mimic3-benchmarks","mimic3-benchmarks","YerevaNN","Python suite to construct benchmark machine learning datasets from the MIMIC-III 💊 clinical database. ","Python","MIT","MIT License","true",889,120,"9/8/16 5:08","8/30/26 14:52","9/8/16 5:08","4/16/23 20:20",79.2,"deep-learning; machine-learning","true","true"
"gmalivenko/pytorch2keras","https://github.com/gmalivenko/pytorch2keras","pytorch2keras","gmalivenko","PyTorch to Keras model convertor","Python","MIT","MIT License","true",862,127,"11/16/17 20:21","7/17/26 1:17","11/16/17 20:21","8/6/21 8:18",44.61,"deep-learning","true","true"
"deepforge-dev/deepforge","https://github.com/deepforge-dev/deepforge","deepforge","deepforge-dev","A modern development environment for deep learning","JavaScript","Apache-2.0","Apache License 2.0","true",755,1106,"3/10/16 1:12","8/18/26 2:49","3/10/16 1:12","3/22/23 16:02",84.36,"deep-learning","true","true"
"itdxer/neupy","https://github.com/itdxer/neupy","neupy","itdxer","NeuPy is a Tensorflow based python library for prototyping and building neural networks","Python","MIT","MIT License","true",735,271,"8/24/15 19:45","8/24/26 11:58","8/24/15 19:51","1/3/23 21:24",88.34,"deep-learning","true","true"
"jiny2001/dcscn-super-resolution","https://github.com/jiny2001/dcscn-super-resolution","dcscn-super-resolution","jiny2001","A tensorflow implementation of ""Fast and Accurate Image Super Resolution by Deep CNN with Skip Connection and Network in Network"", a deep learning based Single-Image Super-Resolution (SISR) model.","Python","MIT","MIT License","true",713,110,"6/13/17 7:01","9/1/26 9:10","6/13/17 7:01","4/6/23 21:18",69.74,"deep-learning","true","true"
"THUNLP-MT/THUMT","https://github.com/THUNLP-MT/THUMT","THUMT","THUNLP-MT","An open-source neural machine translation toolkit developed by Tsinghua Natural Language Processing Group","Python","BSD-3-Clause","BSD 3-Clause ""New"" or ""Revised"" License","true",706,105,"6/20/17 10:56","8/25/26 13:40","6/20/17 10:56","4/21/21 5:43",45.99,"deep-learning","true","true"
"netket/netket","https://github.com/netket/netket","netket","netket","Machine learning algorithms for many-body quantum systems ","Python","Apache-2.0","Apache License 2.0","true",695,508,"4/23/18 18:48","9/1/26 7:18","4/23/18 18:49","8/17/26 7:42",99.77,"deep-learning; machine-learning","true","true"
"inspirehep/magpie","https://github.com/inspirehep/magpie","magpie","inspirehep","Deep neural network framework for multi-label text classification","Python","MIT","MIT License","true",686,166,"11/27/15 10:16","8/30/26 14:55","11/27/15 10:20","4/8/20 15:53",52.37,"deep-learning; machine-learning","true","true"
"pytorchbearer/torchbearer","https://github.com/pytorchbearer/torchbearer","torchbearer","pytorchbearer","torchbearer: A model fitting library for PyTorch","Python","MIT","MIT License","true",641,247,"3/12/18 16:30","1/8/26 8:38","3/12/18 16:30","12/4/23 11:10",68.73,"deep-learning; machine-learning","true","true"
"DiffSharp/DiffSharp","https://github.com/DiffSharp/DiffSharp","DiffSharp","DiffSharp","DiffSharp: Differentiable Functional Programming","F#","BSD-2-Clause","BSD 2-Clause ""Simplified"" License","true",615,167,"8/28/14 16:19","7/21/26 8:44","8/28/14 15:47","10/3/23 15:21",109.13,"deep-learning; machine-learning","true","true"
"lvapeab/nmt-keras","https://github.com/lvapeab/nmt-keras","nmt-keras","lvapeab","Neural Machine Translation with Keras ","Python","MIT","MIT License","true",531,123,"11/22/16 14:04","8/1/26 8:33","11/22/16 14:04","7/30/21 9:28",56.18,"deep-learning; machine-learning","true","true"
"FAST-Imaging/FAST","https://github.com/FAST-Imaging/FAST","FAST","FAST-Imaging","A framework for high-performance medical image processing, neural network inference and visualization","C++","BSD-2-Clause","BSD 2-Clause ""Simplified"" License","true",516,155,"3/18/14 21:26","9/1/26 7:11","3/19/14 11:02","8/31/26 11:05",149.41,"deep-learning","true","true"
"netdata/netdata","https://github.com/netdata/netdata","netdata","netdata","The fastest path to AI-powered full stack observability, even for lean teams.","Go","GPL-3.0","GNU General Public License v3.0","true",80412,8320,"6/17/13 18:39","9/3/26 0:23","6/17/13 18:39","9/3/26 0:23",158.51,"machine-learning","true","true"
"tesseract-ocr/tesseract","https://github.com/tesseract-ocr/tesseract","tesseract","tesseract-ocr","Tesseract Open Source OCR Engine (main repository)","C++","Apache-2.0","Apache License 2.0","true",76310,2769,"8/12/14 18:04","9/3/26 2:23","3/6/07 20:07","9/2/26 8:50",233.87,"machine-learning","true","true"
"scikit-learn/scikit-learn","https://github.com/scikit-learn/scikit-learn","scikit-learn","scikit-learn","scikit-learn: machine learning in Python","Python","BSD-3-Clause","BSD 3-Clause ""New"" or ""Revised"" License","true",67141,12248,"8/17/10 9:43","9/3/26 2:46","1/5/10 13:26","9/2/26 21:00",199.87,"machine-learning","true","true"
"ageitgey/face_recognition","https://github.com/ageitgey/face_recognition","face_recognition","ageitgey","The world's simplest facial recognition api for Python and the command line","Python","MIT","MIT License","true",56709,1378,"3/3/17 21:52","9/3/26 1:52","3/4/17 0:29","6/25/26 11:12",111.7,"machine-learning","true","true"
"JuliaLang/julia","https://github.com/JuliaLang/julia","julia","JuliaLang","The Julia Programming Language","Julia","MIT","MIT License","true",49060,26157,"4/21/11 7:01","9/3/26 1:51","8/23/09 3:39","9/2/26 19:43",204.3,"machine-learning","true","true"
"apache/airflow","https://github.com/apache/airflow","airflow","apache","Apache Airflow - A platform to programmatically author, schedule, and monitor workflows","Python","Apache-2.0","Apache License 2.0","true",46701,15089,"4/13/15 18:04","9/3/26 1:26","10/6/14 21:29","9/2/26 21:37",142.87,"machine-learning","true","true"
"TheAlgorithms/C-Plus-Plus","https://github.com/TheAlgorithms/C-Plus-Plus","C-Plus-Plus","TheAlgorithms","Collection of various algorithms in mathematics, machine learning, computer science and physics implemented in C++ for educational purposes.","C++","MIT","MIT License","true",34625,345,"7/16/16 10:19","9/2/26 17:20","7/16/16 10:19","10/11/25 14:49",110.84,"machine-learning","true","true"
"dmlc/xgboost","https://github.com/dmlc/xgboost","xgboost","dmlc","Scalable, Portable and Distributed Gradient Boosting (GBDT, GBRT or GBM) Library,  for Python, R, Java, Scala, C and more. Runs on single machine, Hadoop, Spark, Dask, Flink and DataFlow","C++","Apache-2.0","Apache License 2.0","true",28724,5716,"2/6/14 17:28","9/2/26 21:00","2/6/14 17:28","9/2/26 21:00",150.82,"machine-learning","true","true"
"TheAlgorithms/C","https://github.com/TheAlgorithms/C","C","TheAlgorithms","Collection of various algorithms in mathematics, machine learning, computer science, physics, etc implemented in C for educational purposes.","C","GPL-3.0","GNU General Public License v3.0","true",22374,162,"7/16/16 10:17","9/3/26 1:11","7/16/16 10:17","9/27/23 18:35",86.37,"machine-learning","true","true"
"k4yt3x/video2x","https://github.com/k4yt3x/video2x","video2x","k4yt3x","A machine learning-based video super resolution and frame interpolation framework. Est. Hack the Valley II, 2018.","C++","AGPL-3.0","GNU Affero General Public License v3.0","true",21480,1280,"2/24/18 16:34","9/3/26 1:42","2/24/18 16:34","03-07-26",96.32,"machine-learning","true","true"
"RasaHQ/rasa","https://github.com/RasaHQ/rasa","rasa","RasaHQ","💬   Open source machine learning framework to automate text- and voice-based conversations: NLU, dialogue management, connect to Slack, Facebook, and more - Create chatbots and voice assistants","Python","Apache-2.0","Apache License 2.0","true",21308,6656,"10/14/16 12:27","9/2/26 11:57","10/14/16 12:27","12/18/25 8:04",110.09,"machine-learning","true","true"
"lightgbm-org/LightGBM","https://github.com/lightgbm-org/LightGBM","LightGBM","lightgbm-org","A fast, distributed, high performance gradient boosting (GBT, GBDT, GBRT, GBM or MART) framework based on decision tree algorithms, used for ranking, classification and many other machine learning tasks.","C++","MIT","MIT License","true",18736,3679,"8/5/16 5:45","9/2/26 21:33","8/5/16 6:06","9/2/26 21:33",120.89,"machine-learning","true","true"
"pytorch/vision","https://github.com/pytorch/vision","vision","pytorch","Datasets, Transforms and Models specific to Computer Vision","Python","BSD-3-Clause","BSD 3-Clause ""New"" or ""Revised"" License","true",17898,3605,"11/9/16 23:11","9/3/26 2:23","11/10/16 1:11","8/28/26 6:57",117.54,"machine-learning","true","true"
"argoproj/argo-workflows","https://github.com/argoproj/argo-workflows","argo-workflows","argoproj","Workflow Engine for Kubernetes","Go","Apache-2.0","Apache License 2.0","true",16952,6648,"8/21/17 18:50","9/3/26 2:47","10/17/17 21:38","9/1/26 6:19",106.44,"machine-learning","true","true"
"piskvorky/gensim","https://github.com/piskvorky/gensim","gensim","piskvorky","Topic Modelling for Humans","Python","LGPL-2.1","GNU Lesser General Public License v2.1","true",16480,1882,"2/10/11 7:43","9/2/26 1:59","8/31/09 21:30","10/16/25 11:13",193.46,"machine-learning","true","true"
"treeverse/dvc","https://github.com/treeverse/dvc","dvc","treeverse","🦉 Data Versioning and ML Experiments","Python","Apache-2.0","Apache License 2.0","true",15856,4889,"3/4/17 8:16","9/2/26 11:42","3/4/17 8:16","8/6/26 4:17",113.04,"machine-learning","true","true"
"kubeflow/kubeflow","https://github.com/kubeflow/kubeflow","kubeflow","kubeflow","Machine Learning Toolkit for Kubernetes","","Apache-2.0","Apache License 2.0","true",15843,3784,"11/30/17 18:44","9/3/26 2:15","11/30/17 22:36","8/21/26 18:25",104.63,"machine-learning","true","true"
"optuna/optuna","https://github.com/optuna/optuna","optuna","optuna","A hyperparameter optimization framework","Python","MIT","MIT License","true",14739,1816,"2/21/18 6:12","9/3/26 1:53","1/11/18 7:27","9/2/26 10:20",103.68,"machine-learning","true","true"
"nltk/nltk","https://github.com/nltk/nltk","nltk","nltk","NLTK Source","Python","Apache-2.0","Apache License 2.0","true",14706,1929,"9/7/09 10:53","9/2/26 18:51","3/1/01 9:26","9/2/26 4:05",306.01,"machine-learning","true","true"
"gunthercox/ChatterBot","https://github.com/gunthercox/ChatterBot","ChatterBot","gunthercox","ChatterBot is a machine learning, conversational dialog engine for creating chat bots","Python","BSD-3-Clause","BSD 3-Clause ""New"" or ""Revised"" License","true",14507,1667,"9/28/14 14:48","9/2/26 8:29","9/6/14 15:58","8/25/26 11:30",143.56,"machine-learning","true","true"
"cleanlab/cleanlab","https://github.com/cleanlab/cleanlab","cleanlab","cleanlab","Cleanlab's open-source library is the standard data-centric AI package for data quality and machine learning with messy, real-world data and labels.","Python","Apache-2.0","Apache License 2.0","true",11638,385,"5/11/18 1:55","9/1/26 17:54","5/11/18 1:55","1/13/26 17:23",92.12,"machine-learning","true","true"
"doccano/doccano","https://github.com/doccano/doccano","doccano","doccano","Open source annotation tool for machine learning practitioners.","Python","MIT","MIT License","true",10763,1548,"5/9/18 6:10","9/3/26 2:28","5/9/18 6:10","1/17/26 0:58",92.28,"machine-learning","true","true"
"drivendataorg/cookiecutter-data-science","https://github.com/drivendataorg/cookiecutter-data-science","cookiecutter-data-science","drivendataorg","A logical, reasonably standardized, but flexible project structure for doing and sharing data science work.","Python","MIT","MIT License","true",10037,198,"10/30/15 19:19","9/3/26 1:50","10/30/15 19:09","7/24/25 1:11",116.75,"machine-learning","true","true"
"MorvanZhou/Reinforcement-learning-with-tensorflow","https://github.com/MorvanZhou/Reinforcement-learning-with-tensorflow","Reinforcement-learning-with-tensorflow","MorvanZhou","Simple Reinforcement learning tutorials, 莫烦Python 中文AI教学","Python","MIT","MIT License","true",9508,195,"5/6/17 3:01","9/1/26 13:50","5/6/17 3:02","7/29/22 7:57",62.75,"machine-learning","true","true"
"dotnet/machinelearning","https://github.com/dotnet/machinelearning","machinelearning","dotnet","ML.NET is an open source and cross-platform machine learning framework for .NET.","C#","MIT","MIT License","true",9351,4053,"5/3/18 16:20","9/2/26 12:53","5/4/18 0:21","9/2/26 12:50",99.97,"machine-learning","true","true"
"catboost/catboost","https://github.com/catboost/catboost","catboost","catboost","A fast, scalable, high performance Gradient Boosting on Decision Trees library, used for ranking, classification, regression and other machine learning tasks for Python, R, Java, C++. Supports computation on CPU and GPU.","C++","Apache-2.0","Apache License 2.0","true",9087,2562,"7/18/17 5:29","9/3/26 2:44","7/18/17 5:33","9/2/26 20:13",109.49,"machine-learning","true","true"
"clips/pattern","https://github.com/clips/pattern","pattern","clips","Web mining module for Python, with tools for scraping, natural language processing, machine learning, network analysis and visualization.","Python","BSD-3-Clause","BSD 3-Clause ""New"" or ""Revised"" License","true",8860,209,"5/3/11 15:29","9/1/26 13:56","2/24/11 16:47","8/5/26 13:05",185.28,"machine-learning","true","true"
"vaexio/vaex","https://github.com/vaexio/vaex","vaex","vaexio","Out-of-Core hybrid Apache Arrow/NumPy DataFrame for Python, ML, visualization and exploration of big tabular data at a billion rows per second 🚀","Python","MIT","MIT License","true",8509,1233,"9/27/14 9:44","9/1/26 8:32","1/27/14 12:26","2/5/26 13:47",144.28,"machine-learning","true","true"
"google-deepmind/pysc2","https://github.com/google-deepmind/pysc2","pysc2","google-deepmind","StarCraft II Learning Environment","Python","Apache-2.0","Apache License 2.0","true",8309,287,"7/25/17 18:16","9/1/26 0:52","7/24/17 11:46","4/19/23 16:40",68.82,"machine-learning","true","true"
"lmcinnes/umap","https://github.com/lmcinnes/umap","umap","lmcinnes","Uniform Manifold Approximation and Projection","Python","BSD-3-Clause","BSD 3-Clause ""New"" or ""Revised"" License","true",8257,846,"7/2/17 1:11","8/31/26 5:42","7/2/17 1:11","8/31/26 5:40",109.95,"machine-learning","true","true"
"lanpa/tensorboardX","https://github.com/lanpa/tensorboardX","tensorboardX","lanpa","tensorboard for pytorch (and chainer, mxnet, numpy, ...)","Python","MIT","MIT License","true",7999,458,"6/13/17 13:54","8/29/26 1:11","6/13/17 13:49","4/9/26 11:41",105.81,"machine-learning","true","true"
"alteryx/featuretools","https://github.com/alteryx/featuretools","featuretools","alteryx","An open source python library for automated feature engineering","Python","BSD-3-Clause","BSD 3-Clause ""New"" or ""Revised"" License","true",7672,1015,"9/8/17 22:15","8/31/26 22:14","9/9/17 2:26","11/13/24 18:39",86.14,"machine-learning","true","true"
"probml/pyprobml","https://github.com/probml/pyprobml","pyprobml","probml","Python code for ""Probabilistic Machine learning"" book by Kevin Murphy","Jupyter Notebook","MIT","MIT License","true",7131,463,"8/17/16 16:42","8/29/26 10:10","8/17/16 16:42","2/26/26 17:33",114.32,"machine-learning","true","true"
"scikit-learn-contrib/imbalanced-learn","https://github.com/scikit-learn-contrib/imbalanced-learn","imbalanced-learn","scikit-learn-contrib"," A Python Package to Tackle the Curse of Imbalanced Datasets in Machine Learning","Python","MIT","MIT License","true",7124,619,"8/16/14 5:08","9/1/26 17:14","8/16/14 5:10","6/7/26 21:27",141.69,"machine-learning","true","true"
"vespa-engine/vespa","https://github.com/vespa-engine/vespa","vespa","vespa-engine","The AI search platform","Java","Apache-2.0","Apache License 2.0","true",7075,1205,"6/3/16 20:54","9/2/26 20:57","6/15/16 21:09","9/2/26 20:57",122.54,"machine-learning","true","true"
"NicolasHug/Surprise","https://github.com/NicolasHug/Surprise","Surprise","NicolasHug","A Python scikit for building and analyzing recommender systems","Python","BSD-3-Clause","BSD 3-Clause ""New"" or ""Revised"" License","true",6812,393,"10/23/16 14:59","9/1/26 4:34","2/12/15 13:52","5/30/26 17:11",135.51,"machine-learning","true","true"
"cleverhans-lab/cleverhans","https://github.com/cleverhans-lab/cleverhans","cleverhans","cleverhans-lab","An adversarial example library for constructing attacks, building defenses, and benchmarking both","Jupyter Notebook","MIT","MIT License","true",6451,455,"9/15/16 0:28","8/31/26 8:49","9/15/16 0:28","1/31/23 19:40",76.51,"machine-learning","true","true"
"tyiannak/pyAudioAnalysis","https://github.com/tyiannak/pyAudioAnalysis","pyAudioAnalysis","tyiannak","Python Audio Analysis Library: Feature Extraction, Classification, Segmentation and Applications","Python","Apache-2.0","Apache License 2.0","true",6258,314,"8/27/14 12:43","8/29/26 21:45","8/27/14 12:44","8/4/25 16:44",131.24,"machine-learning","true","true"
"skorch-dev/skorch","https://github.com/skorch-dev/skorch","skorch","skorch-dev","A scikit-learn compatible neural network library that wraps PyTorch","Jupyter Notebook","BSD-3-Clause","BSD 3-Clause ""New"" or ""Revised"" License","true",6176,536,"7/18/17 0:13","8/31/26 22:53","7/18/17 16:06","8/27/26 13:42",109.26,"machine-learning","true","true"
"shimat/opencvsharp","https://github.com/shimat/opencvsharp","opencvsharp","shimat","OpenCV wrapper for .NET","C#","Apache-2.0","Apache License 2.0","true",6081,1400,"12/21/13 0:27","9/2/26 0:09","12/21/13 0:27","8/24/26 1:37",152.07,"machine-learning","true","true"
"snorkel-team/snorkel","https://github.com/snorkel-team/snorkel","snorkel","snorkel-team","A system for quickly generating training data with weak supervision","Python","Apache-2.0","Apache License 2.0","true",6005,982,"2/26/16 5:52","8/31/26 22:14","2/26/16 8:22","4/10/26 17:37",121.42,"machine-learning","true","true"
"keras-rl/keras-rl","https://github.com/keras-rl/keras-rl","keras-rl","keras-rl","Deep Reinforcement Learning for Keras.","Python","MIT","MIT License","true",5547,241,"7/2/16 15:53","8/17/26 20:45","7/2/16 15:28","11/11/19 22:14",40.31,"machine-learning","true","true"
"apple/coremltools","https://github.com/apple/coremltools","coremltools","apple","Core ML tools contain supporting tools for Core ML model conversion, editing, and validation.","Python","BSD-3-Clause","BSD 3-Clause ""New"" or ""Revised"" License","true",5411,1622,"6/30/17 7:39","9/2/26 12:28","6/30/17 7:39","8/27/26 17:47",109.89,"machine-learning","true","true"
"lyst/lightfm","https://github.com/lyst/lightfm","lightfm","lyst","A Python implementation of LightFM, a hybrid recommendation algorithm.","Python","Apache-2.0","Apache License 2.0","true",5111,510,"7/30/15 8:33","9/2/26 10:32","7/30/15 10:14","4/30/23 18:36",93,"machine-learning","true","true"
"openvenues/libpostal","https://github.com/openvenues/libpostal","libpostal","openvenues","A C library for parsing/normalizing street addresses around the world. Powered by statistical NLP and open geo data.","C","MIT","MIT License","true",4880,507,"3/3/15 0:21","9/2/26 21:54","3/3/15 0:21","12/6/25 19:06",129.14,"machine-learning","true","true"
"rust-ml/linfa","https://github.com/rust-ml/linfa","linfa","rust-ml","A Rust machine learning framework.","Rust","Apache-2.0","Apache License 2.0","true",4742,183,"4/5/18 7:03","9/2/26 11:44","4/5/18 7:03","8/22/26 21:42",100.56,"machine-learning","true","true"
"DistrictDataLabs/yellowbrick","https://github.com/DistrictDataLabs/yellowbrick","yellowbrick","DistrictDataLabs","Visual analysis and diagnostic tools to facilitate machine learning model selection.","Python","Apache-2.0","Apache License 2.0","true",4399,702,"5/18/16 14:12","8/28/26 0:04","5/18/16 14:12","7/5/23 18:14",85.55,"machine-learning","true","true"
"IDSIA/sacred","https://github.com/IDSIA/sacred","sacred","IDSIA","Sacred is a tool to help you configure, organize, log and reproduce experiments developed at IDSIA.","Python","MIT","MIT License","true",4376,563,"3/31/14 18:05","8/31/26 22:51","3/31/14 18:04","10/22/25 8:04",138.7,"machine-learning","true","true"
"kubeflow/pipelines","https://github.com/kubeflow/pipelines","pipelines","kubeflow","Machine Learning Pipelines for Kubeflow","Python","Apache-2.0","Apache License 2.0","true",4201,4472,"5/12/18 0:31","9/2/26 18:27","5/12/18 0:31","9/2/26 18:27",99.7,"machine-learning","true","true"
"snipsco/snips-nlu","https://github.com/snipsco/snips-nlu","snips-nlu","snipsco","Snips Python library to extract meaning from text","Python","Apache-2.0","Apache License 2.0","true",3974,263,"2/8/17 16:16","8/30/26 7:54","2/8/17 16:52","5/3/21 12:18",50.72,"machine-learning","true","true"
"arXivTimes/arXivTimes","https://github.com/arXivTimes/arXivTimes","arXivTimes","arXivTimes","repository to research & share the machine learning articles","","MIT","MIT License","true",3901,2103,"10/26/16 5:27","8/28/26 8:35","10/26/16 5:27","7/1/22 13:15",68.13,"machine-learning","true","true"
"yahoo/TensorFlowOnSpark","https://github.com/yahoo/TensorFlowOnSpark","TensorFlowOnSpark","yahoo","TensorFlowOnSpark brings TensorFlow programs to Apache Spark clusters.","Python","Apache-2.0","Apache License 2.0","true",3845,369,"1/20/17 18:15","8/14/26 12:05","1/27/17 21:22","4/27/23 20:08",74.9,"machine-learning","true","true"
"benfred/implicit","https://github.com/benfred/implicit","implicit","benfred","Fast Python Collaborative Filtering for Implicit Feedback Datasets","Python","MIT","MIT License","true",3817,505,"4/17/16 3:45","9/1/26 8:59","4/17/16 3:45","5/8/26 18:23",120.66,"machine-learning","true","true"
"jtablesaw/tablesaw","https://github.com/jtablesaw/tablesaw","tablesaw","jtablesaw","Java dataframe and visualization library","Java","Apache-2.0","Apache License 2.0","true",3764,737,"1/1/16 14:58","9/1/26 3:42","12/13/15 18:59","3/2/26 1:12",122.57,"machine-learning","true","true"
"jmschrei/pomegranate","https://github.com/jmschrei/pomegranate","pomegranate","jmschrei","Fast, flexible and easy to use probabilistic modelling in Python.","Python","MIT","MIT License","true",3543,801,"11/24/14 18:36","8/27/26 13:42","11/24/14 8:03","2/7/25 18:03",122.47,"machine-learning","true","true"
"tensorflow/hub","https://github.com/tensorflow/hub","hub","tensorflow","A library for transfer learning by reusing parts of TensorFlow models.","Python","Apache-2.0","Apache License 2.0","true",3526,717,"3/12/18 7:55","9/2/26 18:19","3/14/18 10:32","1/17/25 12:09",82.16,"machine-learning","true","true"
"mne-tools/mne-python","https://github.com/mne-tools/mne-python","mne-python","mne-tools","MNE: Magnetoencephalography (MEG) and Electroencephalography (EEG) in Python","Python","BSD-3-Clause","BSD 3-Clause ""New"" or ""Revised"" License","true",3501,5191,"1/28/11 3:31","9/2/26 16:24","12/27/10 0:43","9/2/26 16:16",188.17,"machine-learning","true","true"
"tslearn-team/tslearn","https://github.com/tslearn-team/tslearn","tslearn","tslearn-team","The machine learning toolkit for time series analysis in Python","Python","BSD-2-Clause","BSD 2-Clause ""Simplified"" License","true",3174,348,"5/4/17 13:08","9/1/26 7:47","5/3/17 15:43","9/1/26 7:43",111.93,"machine-learning","true","true"
"scikit-learn-contrib/hdbscan","https://github.com/scikit-learn-contrib/hdbscan","hdbscan","scikit-learn-contrib","A high performance implementation of HDBSCAN clustering.","Jupyter Notebook","BSD-3-Clause","BSD 3-Clause ""New"" or ""Revised"" License","true",3139,535,"4/22/15 13:32","9/1/26 2:45","4/22/15 13:32","6/12/26 16:59",133.67,"machine-learning","true","true"
"aksnzhy/xlearn","https://github.com/aksnzhy/xlearn","xlearn","aksnzhy","High performance, easy-to-use, and scalable machine learning (ML) package, including linear model (LR), factorization machines (FM), and field-aware factorization machines (FFM) for Python and CLI interface.","C++","Apache-2.0","Apache License 2.0","true",3089,301,"6/10/17 8:09","9/2/26 9:11","6/10/17 8:09","6/5/22 10:44",59.82,"machine-learning","true","true"
"heavyai/heavydb","https://github.com/heavyai/heavydb","heavydb","heavyai","HeavyDB (formerly MapD/OmniSciDB)","C++","Apache-2.0","Apache License 2.0","true",3059,549,"5/7/17 15:07","9/1/26 16:15","6/18/14 11:33","9/1/26 16:03",146.45,"machine-learning","true","true"
"weld-project/weld","https://github.com/weld-project/weld","weld","weld-project","High-performance runtime for data analytics applications","Rust","BSD-3-Clause","BSD 3-Clause ""New"" or ""Revised"" License","true",3006,170,"6/13/16 5:00","8/24/26 7:42","6/13/16 5:01","4/4/20 20:50",45.7,"machine-learning","true","true"
"keithito/tacotron","https://github.com/keithito/tacotron","tacotron","keithito","A TensorFlow implementation of Google's Tacotron speech synthesis with pre-trained model (unofficial)","Python","MIT","MIT License","true",2995,323,"7/8/17 17:03","8/25/26 10:58","7/8/17 17:03","2/3/20 0:26",30.85,"machine-learning","true","true"
"hosseinmoein/DataFrame","https://github.com/hosseinmoein/DataFrame","DataFrame","hosseinmoein","C++ DataFrame for statistical, financial, and ML analysis in modern C++","C++","BSD-3-Clause","BSD 3-Clause ""New"" or ""Revised"" License","true",2980,244,"10/28/17 17:25","9/2/26 8:55","10/28/17 17:25","9/1/26 18:50",106.11,"machine-learning","true","true"
"bethgelab/foolbox","https://github.com/bethgelab/foolbox","foolbox","bethgelab","A Python toolbox to create adversarial examples that fool neural networks in PyTorch, TensorFlow, and JAX","Python","MIT","MIT License","true",2972,373,"6/14/17 13:05","8/17/26 6:31","6/4/17 21:18","3/4/24 15:46",80.95,"machine-learning","true","true"
"Cartucho/mAP","https://github.com/Cartucho/mAP","mAP","Cartucho","mean Average Precision - This code evaluates the performance of your neural net for object recognition.","Python","Apache-2.0","Apache License 2.0","true",2966,158,"3/8/18 11:24","8/20/26 13:50","3/8/18 11:53","5/29/20 10:47",26.68,"machine-learning","true","true"
"pytorch/audio","https://github.com/pytorch/audio","audio","pytorch","Data manipulation and transformation for audio signal processing, powered by PyTorch","Python","BSD-2-Clause","BSD 2-Clause ""Simplified"" License","true",2933,1006,"5/5/17 0:38","9/2/26 14:28","5/5/17 0:37","9/2/26 14:16",111.93,"machine-learning","true","true"
"huggingface/neuralcoref","https://github.com/huggingface/neuralcoref","neuralcoref","huggingface","✨Fast Coreference Resolution in spaCy with Neural Networks","C","MIT","MIT License","true",2892,313,"7/3/17 13:04","8/18/26 1:16","7/7/17 15:20","6/22/21 10:51",47.47,"machine-learning","true","true"
"PythonOT/POT","https://github.com/PythonOT/POT","POT","PythonOT","POT : Python Optimal Transport","Python","MIT","MIT License","true",2842,288,"10/20/16 14:42","9/2/26 8:54","10/20/16 14:42","8/28/26 12:21",118.2,"machine-learning","true","true"
"TeamHG-Memex/eli5","https://github.com/TeamHG-Memex/eli5","eli5","TeamHG-Memex","A library for debugging/inspecting machine learning classifiers and explaining their predictions","Jupyter Notebook","MIT","MIT License","true",2817,261,"9/15/16 1:04","9/2/26 15:36","9/15/16 1:04","4/8/26 21:01",114.72,"machine-learning","true","true"
"scverse/scanpy","https://github.com/scverse/scanpy","scanpy","scverse","Single-cell analysis in Python. Scales to >100M cells.","Python","BSD-3-Clause","BSD 3-Clause ""New"" or ""Revised"" License","true",2551,2058,"1/29/17 11:31","8/31/26 22:53","1/29/17 11:28","8/28/26 12:13",114.91,"machine-learning","true","true"
"PizzaDeDados/datascience-pizza","https://github.com/PizzaDeDados/datascience-pizza","datascience-pizza","PizzaDeDados","🍕 Repositório para juntar informações sobre materiais de estudo em análise de dados e áreas afins, empresas que trabalham com dados e dicionário de conceitos","","MPL-2.0","Mozilla Public License 2.0","true",2456,110,"7/18/17 20:37","9/2/26 11:49","7/18/17 20:39","2/27/22 18:10",55.32,"machine-learning","true","true"
"modAL-python/modAL","https://github.com/modAL-python/modAL","modAL","modAL-python","A modular active learning framework for Python","Python","MIT","MIT License","true",2363,150,"11/14/17 14:01","8/28/26 14:04","11/14/17 14:01","6/1/23 12:18",66.49,"machine-learning","true","true"
"JasonKessler/scattertext","https://github.com/JasonKessler/scattertext","scattertext","JasonKessler","Beautiful visualizations of how language differs among document types.","Python","Apache-2.0","Apache License 2.0","true",2341,103,"7/21/16 1:47","8/29/26 20:51","7/21/16 1:47","7/4/26 21:25",119.42,"machine-learning","true","true"
"salesforce/TransmogrifAI","https://github.com/salesforce/TransmogrifAI","TransmogrifAI","salesforce","TransmogrifAI (pronounced trăns-mŏgˈrə-fī) is an AutoML library for building modular, reusable, strongly typed machine learning workflows on Apache Spark with minimal hand-tuning","Scala","BSD-3-Clause","BSD 3-Clause ""New"" or ""Revised"" License","true",2277,144,"11/2/17 16:15","8/26/26 4:38","12/1/17 20:09","6/2/26 18:03",101.97,"machine-learning","true","true"
"ermig1979/Simd","https://github.com/ermig1979/Simd","Simd","ermig1979","C++ image processing and machine learning library with using of SIMD: SSE, AVX, AVX-512, AMX  for x86/x64, NEON, SVE for ARM, HVX for Hexagon","C++","MIT","MIT License","true",2266,256,"3/25/15 15:24","9/2/26 11:44","2/1/13 12:21","9/2/26 11:40",162.94,"machine-learning","true","true"
"aws/sagemaker-python-sdk","https://github.com/aws/sagemaker-python-sdk","sagemaker-python-sdk","aws","A library for training and deploying machine learning models on Amazon SageMaker","Python","Apache-2.0","Apache License 2.0","true",2261,1718,"11/14/17 1:03","9/2/26 3:27","11/30/17 5:59","9/2/26 3:27",105.03,"machine-learning","true","true"
"DerwenAI/pytextrank","https://github.com/DerwenAI/pytextrank","pytextrank","DerwenAI","Python implementation of TextRank algorithms (""textgraphs"") for phrase extraction","Python","MIT","MIT License","true",2219,102,"10/2/16 18:39","9/1/26 23:12","10/2/16 18:39","5/21/24 15:42",91.56,"machine-learning","true","true"
"unrealcv/unrealcv","https://github.com/unrealcv/unrealcv","unrealcv","unrealcv","UnrealCV: Connecting Computer Vision to Unreal Engine","Python","MIT","MIT License","true",2209,245,"9/8/16 18:03","8/28/26 17:54","4/27/16 15:10","8/28/26 17:53",124.01,"machine-learning","true","true"
"kubeflow/trainer","https://github.com/kubeflow/trainer","trainer","kubeflow","Distributed AI Model Training and LLM Fine-Tuning on Kubernetes","Go","Apache-2.0","Apache License 2.0","true",2202,1363,"6/28/17 18:38","9/3/26 1:42","6/28/17 18:38","9/1/26 19:31",110.12,"machine-learning","true","true"
"osqp/osqp","https://github.com/osqp/osqp","osqp","osqp","The Operator Splitting QP Solver","C","Apache-2.0","Apache License 2.0","true",2183,390,"9/27/16 3:02","9/1/26 18:30","9/27/16 3:02","11/10/25 12:54",109.43,"machine-learning","true","true"
"fastmachinelearning/hls4ml","https://github.com/fastmachinelearning/hls4ml","hls4ml","fastmachinelearning","Machine learning on FPGAs using HLS","Python","Apache-2.0","Apache License 2.0","true",2121,489,"10/25/17 21:43","9/2/26 20:10","10/25/17 21:43","9/2/26 20:09",106.21,"machine-learning","true","true"
"salu133445/musegan","https://github.com/salu133445/musegan","musegan","salu133445","An AI for Music Generation","Python","MIT","MIT License","true",2040,130,"9/13/17 3:52","9/1/26 7:16","9/13/17 4:00","6/7/24 10:22",80.78,"machine-learning","true","true"
"lucasb-eyer/pydensecrf","https://github.com/lucasb-eyer/pydensecrf","pydensecrf","lucasb-eyer","Python wrapper to Philipp Krähenbühl's dense (fully connected) CRFs with gaussian edge potentials.","C++","MIT","MIT License","true",2021,110,"11/13/15 18:15","8/30/26 13:57","11/13/15 18:15","3/5/24 8:38",99.67,"machine-learning","true","true"
"patrikhuber/eos","https://github.com/patrikhuber/eos","eos","patrikhuber","A lightweight 3D Morphable Face Model library in modern C++","C++","Apache-2.0","Apache License 2.0","true",1980,313,"2/10/15 16:09","9/1/26 14:12","2/10/15 12:20","2/2/25 22:28",119.74,"machine-learning","true","true"
"trevorstephens/gplearn","https://github.com/trevorstephens/gplearn","gplearn","trevorstephens","Genetic Programming in Python, with a scikit-learn inspired API","Python","BSD-3-Clause","BSD 3-Clause ""New"" or ""Revised"" License","true",1881,218,"3/26/15 1:01","9/2/26 6:12","3/26/15 1:01","1/10/26 21:16",129.53,"machine-learning","true","true"
"byzer-org/byzer-lang","https://github.com/byzer-org/byzer-lang","byzer-lang","byzer-org","Byzer (former MLSQL): A low-code open-source programming language for data pipeline, analytics and AI.","Scala","Apache-2.0","Apache License 2.0","true",1835,588,"4/28/16 7:06","8/26/26 14:39","4/28/16 7:04","5/29/24 8:23",97.01,"machine-learning","true","true"
"mlcommons/training","https://github.com/mlcommons/training","training","mlcommons","Reference implementations of MLPerf® training benchmarks","Python","Apache-2.0","Apache License 2.0","true",1771,375,"3/29/18 21:56","9/2/26 8:32","3/29/18 21:56","8/17/26 21:06",100.59,"machine-learning","true","true"
"VertaAI/modeldb","https://github.com/VertaAI/modeldb","modeldb","VertaAI","Open Source ML Model Versioning, Metadata, and Experiment Management","Java","Apache-2.0","Apache License 2.0","true",1749,141,"10/19/16 1:07","8/8/26 4:08","10/19/16 1:12","4/25/24 14:35",90.18,"machine-learning","true","true"
"alkaline-ml/pmdarima","https://github.com/alkaline-ml/pmdarima","pmdarima","alkaline-ml","A statistical library designed to fill the void in Python's time series analysis capabilities, including the equivalent of R's auto.arima function.","Python","MIT","MIT License","true",1734,342,"3/30/17 14:58","8/27/26 11:23","3/30/17 14:58","11/17/25 14:58",103.61,"machine-learning","true","true"
"kubeflow/katib","https://github.com/kubeflow/katib","katib","kubeflow","Automated Machine Learning on Kubernetes","Python","Apache-2.0","Apache License 2.0","true",1699,993,"4/3/18 17:07","8/31/26 22:14","4/3/18 17:07","7/16/26 14:37",99.38,"machine-learning","true","true"
"BindsNET/bindsnet","https://github.com/BindsNET/bindsnet","bindsnet","BindsNET","Simulation of spiking neural networks (SNNs) using PyTorch.","Python","AGPL-3.0","GNU Affero General Public License v3.0","true",1695,242,"2/9/18 19:42","9/2/26 23:41","2/9/18 19:42","9/2/26 23:39",102.73,"machine-learning","true","true"
"explosion/sense2vec","https://github.com/explosion/sense2vec","sense2vec","explosion","🦆 Contextually-keyed word vectors","Python","MIT","MIT License","true",1680,115,"1/23/16 22:15","8/27/26 14:56","1/23/16 22:07","3/27/26 7:50",122.04,"machine-learning","true","true"
"skrub-data/skrub","https://github.com/skrub-data/skrub","skrub","skrub-data","Machine learning with dataframes","Python","BSD-3-Clause","BSD 3-Clause ""New"" or ""Revised"" License","true",1651,702,"3/12/18 23:32","9/1/26 15:00","3/12/18 23:32","9/1/26 14:31",101.64,"machine-learning","true","true"
"datamade/usaddress","https://github.com/datamade/usaddress","usaddress","datamade",":us: a python library for parsing unstructured United States address strings into address components","Python","MIT","MIT License","true",1637,354,"7/17/14 19:22","9/2/26 15:39","6/19/14 21:25","8/7/25 14:50",133.57,"machine-learning","true","true"
"JustGlowing/minisom","https://github.com/JustGlowing/minisom","minisom","JustGlowing",":red_circle: MiniSom is a minimalistic implementation of the Self Organizing Maps","Python","MIT","MIT License","true",1602,151,"7/3/13 10:10","8/28/26 8:57","7/3/13 10:10","6/9/26 10:41",155.19,"machine-learning","true","true"
"hi-primus/optimus","https://github.com/hi-primus/optimus","optimus","hi-primus",":truck: Agile Data Preparation Workflows made easy with Pandas, Dask, cuDF, Dask-cuDF, Vaex and PySpark","Python","Apache-2.0","Apache License 2.0","true",1536,219,"7/13/17 2:31","8/14/26 13:12","7/13/17 2:31","5/19/23 4:31",70.17,"machine-learning","true","true"
"o19s/elasticsearch-learning-to-rank","https://github.com/o19s/elasticsearch-learning-to-rank","elasticsearch-learning-to-rank","o19s","Plugin to integrate Learning to Rank (aka machine learning for better relevance) with Elasticsearch","Java","Apache-2.0","Apache License 2.0","true",1521,271,"12/25/16 3:19","8/20/26 20:57","12/25/16 3:17","6/16/26 6:17",113.67,"machine-learning","true","true"
"ModelOriented/DALEX","https://github.com/ModelOriented/DALEX","DALEX","ModelOriented","moDel Agnostic Language for Exploration and eXplanation","Python","GPL-3.0","GNU General Public License v3.0","true",1485,414,"2/18/18 3:24","8/23/26 1:28","2/18/18 3:24","7/15/26 11:00",100.82,"machine-learning","true","true"
"scikit-learn-contrib/metric-learn","https://github.com/scikit-learn-contrib/metric-learn","metric-learn","scikit-learn-contrib","Metric learning algorithms in Python","Python","MIT","MIT License","true",1438,165,"11/2/13 8:29","7/24/26 20:34","11/2/13 8:29","3/19/26 21:11",148.49,"machine-learning","true","true"
"qupath/qupath","https://github.com/qupath/qupath","qupath","qupath","QuPath - Open-source bioimage analysis for research","Java","GPL-3.0","GNU General Public License v3.0","true",1433,926,"8/28/16 14:31","9/2/26 14:42","8/28/16 14:31","9/1/26 12:37",120.07,"machine-learning","true","true"
"GoogleCloudPlatform/data-science-on-gcp","https://github.com/GoogleCloudPlatform/data-science-on-gcp","data-science-on-gcp","GoogleCloudPlatform","Source code accompanying book: Data Science on the Google Cloud Platform, Valliappa Lakshmanan, O'Reilly 2017","Jupyter Notebook","Apache-2.0","Apache License 2.0","true",1429,104,"2/10/17 16:46","8/31/26 17:39","6/7/16 3:09","12/20/22 14:54",78.42,"machine-learning","true","true"
"nilearn/nilearn","https://github.com/nilearn/nilearn","nilearn","nilearn","Machine learning for NeuroImaging in Python","Python","BSD-3-Clause","BSD 3-Clause ""New"" or ""Revised"" License","true",1427,2584,"1/9/11 19:02","9/2/26 11:41","1/9/11 19:22","9/2/26 11:37",187.71,"machine-learning","true","true"
"ljvmiranda921/pyswarms","https://github.com/ljvmiranda921/pyswarms","pyswarms","ljvmiranda921","A research toolkit for particle swarm optimization in Python ","Python","MIT","MIT License","true",1393,233,"7/12/17 12:04","8/12/26 18:36","7/12/17 12:05","6/6/23 9:46",70.76,"machine-learning","true","true"
"owlbarn/owl","https://github.com/owlbarn/owl","owl","owlbarn","Owl - OCaml Scientific Computing @ https://ocaml.xyz","OCaml","MIT","MIT License","true",1351,303,"6/20/16 20:47","8/22/26 22:59","6/20/16 20:47","8/5/26 9:03",121.45,"machine-learning","true","true"
"sebp/scikit-survival","https://github.com/sebp/scikit-survival","scikit-survival","sebp","Survival analysis built on top of scikit-learn","Python","GPL-3.0","GNU General Public License v3.0","true",1320,254,"12/26/16 22:15","8/30/26 17:33","6/8/15 19:46","8/30/26 17:31",134.69,"machine-learning","true","true"
"ARM-software/armnn","https://github.com/ARM-software/armnn","armnn","ARM-software","Arm NN ML Software.","C++","MIT","MIT License","true",1315,769,"3/9/18 12:11","8/28/26 1:54","3/9/18 14:13","7/2/26 11:24",99.74,"machine-learning","true","true"
"jfkirk/tensorrec","https://github.com/jfkirk/tensorrec","tensorrec","jfkirk","A TensorFlow recommendation algorithm and framework in Python.","Python","Apache-2.0","Apache License 2.0","true",1299,126,"2/28/17 18:51","8/17/26 16:21","2/28/17 18:51","2/4/20 21:10",35.18,"machine-learning","true","true"
"FenTechSolutions/CausalDiscoveryToolbox","https://github.com/FenTechSolutions/CausalDiscoveryToolbox","CausalDiscoveryToolbox","FenTechSolutions","Package for causal inference in graphs and in the pairwise settings. Tools for graph structure recovery and dependencies are included.","Python","MIT","MIT License","true",1237,148,"5/31/17 9:12","8/29/26 9:38","5/31/17 9:18","10/13/25 7:40",100.39,"machine-learning","true","true"
"stereolabs/zed-sdk","https://github.com/stereolabs/zed-sdk","zed-sdk","stereolabs","⚡️The spatial perception framework for rapidly building smart robots and spaces","C++","MIT","MIT License","true",1228,689,"4/5/17 10:02","9/2/26 11:19","4/5/17 10:02","6/18/26 14:14",110.41,"machine-learning","true","true"
"python-adaptive/adaptive","https://github.com/python-adaptive/adaptive","adaptive","python-adaptive",":chart_with_upwards_trend: Adaptive: parallel active learning of mathematical functions","Python","BSD-3-Clause","BSD 3-Clause ""New"" or ""Revised"" License","true",1227,239,"12/10/17 1:47","8/26/26 6:03","1/30/17 12:39","6/10/26 22:48",112.29,"machine-learning","true","true"
"annoviko/pyclustering","https://github.com/annoviko/pyclustering","pyclustering","annoviko","pyclustering is a Python, C++ data mining library.","Python","BSD-3-Clause","BSD 3-Clause ""New"" or ""Revised"" License","true",1216,663,"2/25/14 18:59","9/2/26 10:00","2/25/14 19:08","2/8/24 16:58",119.38,"machine-learning","true","true"
"onnx/onnxmltools","https://github.com/onnx/onnxmltools","onnxmltools","onnx","ONNXMLTools enables conversion of models to ONNX","Python","Apache-2.0","Apache License 2.0","true",1170,314,"2/16/18 20:37","8/26/26 8:23","2/16/18 20:37","6/23/26 7:23",100.13,"machine-learning","true","true"
"grf-labs/grf","https://github.com/grf-labs/grf","grf","grf-labs","Generalized Random Forests ","C++","GPL-3.0","GNU General Public License v3.0","true",1107,552,"8/12/16 13:17","8/29/26 13:25","7/28/14 9:48","4/30/26 18:40",141.06,"machine-learning","true","true"
"emedvedev/attention-ocr","https://github.com/emedvedev/attention-ocr","attention-ocr","emedvedev","A Tensorflow model for text recognition (CNN + seq2seq with visual attention) available as a Python package and compatible with Google Cloud ML Engine.","Python","MIT","MIT License","true",1086,153,"7/21/17 18:35","5/20/26 9:59","6/9/16 0:16","10/20/23 17:48",88.34,"machine-learning","true","true"
"J535D165/recordlinkage","https://github.com/J535D165/recordlinkage","recordlinkage","J535D165","A powerful and modular toolkit for record linkage and duplicate detection in Python","Python","BSD-3-Clause","BSD 3-Clause ""New"" or ""Revised"" License","true",1062,138,"10/18/15 9:00","8/28/26 15:39","10/18/15 8:58","7/20/23 12:59",93.04,"machine-learning","true","true"
"lhelontra/tensorflow-on-arm","https://github.com/lhelontra/tensorflow-on-arm","tensorflow-on-arm","lhelontra","TensorFlow for Arm","Shell","MIT","MIT License","true",1052,102,"8/1/17 21:01","8/23/26 2:47","8/1/17 21:04","12/21/20 4:49",40.64,"machine-learning","true","true"
"NeuroTechX/moabb","https://github.com/NeuroTechX/moabb","moabb","NeuroTechX","Mother of All BCI Benchmarks","Python","BSD-3-Clause","BSD 3-Clause ""New"" or ""Revised"" License","true",1049,511,"5/15/17 15:01","9/1/26 20:00","5/15/17 14:58","8/31/26 21:37",111.53,"machine-learning","true","true"
"NaturalIntelligence/imglab","https://github.com/NaturalIntelligence/imglab","imglab","NaturalIntelligence","To speedup and simplify image labeling/ annotation process with multiple supported formats.","HTML","MIT","MIT License","true",1021,118,"10/25/17 12:28","8/31/26 7:00","10/25/17 12:28","8/18/26 10:39",105.72,"machine-learning","true","true"
"dswah/pyGAM","https://github.com/dswah/pyGAM","pyGAM","dswah","[CONTRIBUTORS WELCOME] Generalized Additive Models in Python","Python","Apache-2.0","Apache License 2.0","true",1013,327,"1/19/17 3:54","8/23/26 22:57","1/19/17 3:54","1/22/26 10:08",108.08,"machine-learning","true","true"
"h2oai/sparkling-water","https://github.com/h2oai/sparkling-water","sparkling-water","h2oai","Sparkling Water provides H2O functionality inside Spark cluster","Scala","Apache-2.0","Apache License 2.0","true",979,3133,"10/13/14 23:06","7/11/26 12:56","10/13/14 23:06","8/20/25 23:05",130.19,"machine-learning","true","true"
"libxsmm/libxsmm","https://github.com/libxsmm/libxsmm","libxsmm","libxsmm","Library for specialized dense and sparse matrix operations, and deep learning primitives.","C","BSD-3-Clause","BSD 3-Clause ""New"" or ""Revised"" License","true",976,368,"9/23/14 15:20","9/2/26 18:43","4/4/14 7:02","9/2/26 18:43",148.95,"machine-learning","true","true"
"sparklyr/sparklyr","https://github.com/sparklyr/sparklyr","sparklyr","sparklyr","R interface for Apache Spark","R","Apache-2.0","Apache License 2.0","true",972,2069,"5/20/16 15:28","8/4/26 12:58","4/6/16 18:14","7/2/26 2:14",122.8,"machine-learning","true","true"
"scikit-multilearn/scikit-multilearn","https://github.com/scikit-multilearn/scikit-multilearn","scikit-multilearn","scikit-multilearn","A scikit-learn based module for multi-label et. al. classification","Python","BSD-2-Clause","BSD 2-Clause ""Simplified"" License","true",956,202,"4/30/14 13:05","8/23/26 10:54","4/30/14 13:05","4/19/23 21:43",107.62,"machine-learning","true","true"
"stanfordnmbl/osim-rl","https://github.com/stanfordnmbl/osim-rl","osim-rl","stanfordnmbl","Reinforcement learning environments with musculoskeletal models","Python","MIT","MIT License","true",946,174,"10/15/16 23:14","9/2/26 9:27","10/15/16 23:13","2/20/20 5:29",40.14,"machine-learning","true","true"
"probcomp/bayeslite","https://github.com/probcomp/bayeslite","bayeslite","probcomp","BayesDB on SQLite. A Bayesian database table for querying the probable implications of data as easily as SQL databases query the data itself.","Python","Apache-2.0","Apache License 2.0","true",940,495,"10/30/14 1:26","7/21/26 1:50","10/27/14 21:10","4/16/20 21:07",65.6,"machine-learning","true","true"
"mateogianolio/vectorious","https://github.com/mateogianolio/vectorious","vectorious","mateogianolio","Linear algebra in TypeScript.","TypeScript","MIT","MIT License","true",919,126,"3/24/15 11:49","7/31/26 7:03","3/24/15 11:48","5/6/24 8:44",109.4,"machine-learning","true","true"
"nikitakit/self-attentive-parser","https://github.com/nikitakit/self-attentive-parser","self-attentive-parser","nikitakit","High-accuracy NLP parser with models for 11 languages.","Python","MIT","MIT License","true",912,100,"4/27/18 7:49","7/31/26 16:28","11/3/17 20:18","5/4/21 21:31",41.98,"machine-learning","true","true"
"SMTorg/smt","https://github.com/SMTorg/smt","smt","SMTorg","SMT: The Surrogate Modeling Toolbox","Jupyter Notebook","BSD-3-Clause","BSD 3-Clause ""New"" or ""Revised"" License","true",912,182,"11/8/16 23:00","9/2/26 6:54","11/8/16 23:00","8/10/26 10:34",116.98,"machine-learning","true","true"
"stratosphereips/StratosphereLinuxIPS","https://github.com/stratosphereips/StratosphereLinuxIPS","StratosphereLinuxIPS","stratosphereips","Slips, a free software behavioral Python intrusion prevention system (IDS/IPS) that uses machine learning to detect malicious behaviors in the network traffic. Stratosphere Laboratory, AIC, FEL, CVUT in Prague.","Python","GPL-2.0","GNU General Public License v2.0","true",884,1226,"12/8/15 16:06","9/1/26 13:53","12/8/15 16:35","9/1/26 13:26",128.75,"machine-learning","true","true"
"parlance/ctcdecode","https://github.com/parlance/ctcdecode","ctcdecode","parlance","PyTorch CTC Decoder bindings","C++","MIT","MIT License","true",857,164,"6/14/17 20:17","8/24/26 7:59","6/14/17 18:40","6/7/21 12:44",47.73,"machine-learning","true","true"
"Breta01/handwriting-ocr","https://github.com/Breta01/handwriting-ocr","handwriting-ocr","Breta01","OCR software for recognition of handwritten text","Jupyter Notebook","MIT","MIT License","true",843,146,"1/14/17 21:13","8/31/26 6:08","1/14/17 21:13","12/23/22 8:43",71.22,"machine-learning","true","true"
"brucefan1983/GPUMD","https://github.com/brucefan1983/GPUMD","GPUMD","brucefan1983","Graphics Processing Units Molecular Dynamics","Cuda","GPL-3.0","GNU General Public License v3.0","true",830,286,"7/14/17 15:32","9/2/26 19:28","7/14/17 15:32","9/2/26 19:28",109.63,"machine-learning","true","true"
"scikit-multiflow/scikit-multiflow","https://github.com/scikit-multiflow/scikit-multiflow","scikit-multiflow","scikit-multiflow","A machine learning package for streaming data in Python. The other ancestor of River.","Python","BSD-3-Clause","BSD 3-Clause ""New"" or ""Revised"" License","true",798,194,"11/14/17 16:46","8/18/26 2:59","5/4/17 19:50","11/18/20 23:21",42.51,"machine-learning","true","true"
"ntucllab/libact","https://github.com/ntucllab/libact","libact","ntucllab","Pool-based active learning in Python","Python","BSD-2-Clause","BSD 2-Clause ""Simplified"" License","true",792,100,"12/6/15 17:24","8/21/26 12:50","9/26/14 12:46","8/21/26 12:49",142.81,"machine-learning","true","true"
"pyRiemann/pyRiemann","https://github.com/pyRiemann/pyRiemann","pyRiemann","pyRiemann","Machine learning for multivariate data through the Riemannian geometry of positive definite matrices in Python","Python","BSD-3-Clause","BSD 3-Clause ""New"" or ""Revised"" License","true",776,124,"4/19/15 16:01","8/31/26 20:16","2/4/15 15:45","8/31/26 20:11",138.83,"machine-learning","true","true"
"scverse/anndata","https://github.com/scverse/anndata","anndata","scverse","Annotated data.","Python","BSD-3-Clause","BSD 3-Clause ""New"" or ""Revised"" License","true",768,896,"8/11/17 14:10","8/31/26 8:26","8/11/17 14:10","8/31/26 8:21",108.61,"machine-learning","true","true"
"openml/OpenML","https://github.com/openml/OpenML","OpenML","openml","Open Machine Learning","PHP","BSD-3-Clause","BSD 3-Clause ""New"" or ""Revised"" License","true",754,935,"12/11/12 11:27","8/30/26 21:31","12/12/12 12:05","8/19/26 10:27",164.16,"machine-learning","true","true"
"Yomguithereal/talisman","https://github.com/Yomguithereal/talisman","talisman","Yomguithereal","Straightforward fuzzy matching, information retrieval and NLP building blocks for JavaScript.","JavaScript","MIT","MIT License","true",732,165,"3/25/16 11:09","8/13/26 12:48","3/25/16 11:08","5/5/21 13:41",61.33,"machine-learning","true","true"
"inception-project/inception","https://github.com/inception-project/inception","inception","inception-project","INCEpTION provides a semantic annotation platform offering intelligent annotation assistance and knowledge management.","Java","Apache-2.0","Apache License 2.0","true",713,3369,"3/27/18 15:04","9/2/26 17:01","3/12/13 13:38","9/2/26 4:41",161.66,"machine-learning","true","true"
"jubatus/jubatus","https://github.com/jubatus/jubatus","jubatus","jubatus","Framework and Library for Distributed Online Machine Learning","C++","LGPL-2.1","GNU Lesser General Public License v2.1","true",707,696,"10/25/11 17:24","8/11/26 15:00","10/25/11 17:43","5/16/19 5:18",90.64,"machine-learning","true","true"
"fatiando/verde","https://github.com/fatiando/verde","verde","fatiando","Processing and gridding spatial data, machine-learning style","Python","BSD-3-Clause","BSD 3-Clause ""New"" or ""Revised"" License","true",666,152,"4/25/18 23:21","8/23/26 2:17","4/26/18 3:36","8/4/26 17:41",99.28,"machine-learning","true","true"
"CornellNLP/ConvoKit","https://github.com/CornellNLP/ConvoKit","ConvoKit","CornellNLP","ConvoKit is a toolkit for extracting conversational features and analyzing social phenomena in conversations. It includes several large conversational datasets along with scripts exemplifying the use of the toolkit on these datasets.","Jupyter Notebook","MIT","MIT License","true",648,112,"3/14/16 19:04","9/2/26 2:14","3/14/16 19:04","7/1/26 0:44",123.52,"machine-learning","true","true"
"genicam/harvesters","https://github.com/genicam/harvesters","harvesters","genicam","Image Acquisition Library for GenICam-based Machine Vision System","Python","Apache-2.0","Apache License 2.0","true",612,413,"5/18/18 5:40","8/28/26 2:17","5/18/18 5:40","5/8/24 6:36",71.68,"machine-learning","true","true"
"mozilla/bugbug","https://github.com/mozilla/bugbug","bugbug","mozilla","Platform for Machine Learning projects on Software Engineering","Python","MPL-2.0","Mozilla Public License 2.0","true",569,1555,"3/12/18 15:29","9/2/26 18:23","3/11/18 20:12","9/2/26 18:21",101.71,"machine-learning","true","true"
"X-DataInitiative/tick","https://github.com/X-DataInitiative/tick","tick","X-DataInitiative","Module for statistical learning, with a particular emphasis on time-dependent modelling","Python","BSD-3-Clause","BSD 3-Clause ""New"" or ""Revised"" License","true",554,250,"12/1/16 10:59","9/3/26 1:27","3/30/17 14:49","5/4/26 12:57",109.1,"machine-learning","true","true"
"CycloneDX/specification","https://github.com/CycloneDX/specification","specification","CycloneDX","OWASP CycloneDX is a full-stack Bill of Materials (BOM) standard that provides advanced supply chain capabilities for cyber risk reduction. SBOM, SaaSBOM, HBOM, AI/ML-BOM, CBOM, OBOM, MBOM, VDR, and VEX","XSLT","Apache-2.0","Apache License 2.0","true",544,474,"5/29/17 2:22","9/2/26 6:55","5/29/17 2:22","9/2/26 6:55",111.14,"machine-learning","true","true"
"machinelearnjs/machinelearnjs","https://github.com/machinelearnjs/machinelearnjs","machinelearnjs","machinelearnjs","Machine Learning library for the web and Node.","TypeScript","MIT","MIT License","true",540,106,"4/29/18 0:14","8/27/26 11:17","4/29/18 0:51","4/6/25 14:33",83.25,"machine-learning","true","true"
"optimatika/ojAlgo","https://github.com/optimatika/ojAlgo","ojAlgo","optimatika","oj! Algorithms - Open Source Java library for mathematics, linear algebra and optimisation. Pure Java, zero dependencies: fast matrices plus LP, QP and MIP solvers.","Java","MIT","MIT License","true",503,166,"10/6/13 17:20","9/2/26 6:35","1/14/14 10:40","9/1/26 6:13",151.51,"machine-learning","true","true"
